1-Octene,"2,3-Butanedione",2-Butanol,Butyl acetate,Dimethyl disulfide,3-Hexanone,Hexanal,Pentyl formate,1-Butanol,5-Methyl-2-hexanone,Limonene,2-Heptanone,3-Hexanol,2-Methyl-1-butanol,4-Octanone,Ethyl caproate,Styrene,1-Pentanol,Hexyl acetate,Acetoin,2-Octanone,Octanal,3-Methyl-1-pentanol,6-Methyl-5-hepten-2-one,1-Hexanol,3-Nonanone,Dimethyl trisulfide,2-Nonanone,Nonanal,Ethyl caprylate,(E)-2-Octenal,1-Octen-3-ol,1-Heptanol,Acetic acid,2-Ethyl-1-hexanol,2-Decanone,Benzaldehyde,(E)-2-Nonenal,Propanoic acid,1-Octanol,Dimethyl sulfoxide,2-Furanmethanol,2-Undecanone,(E)-2-Octenol,Ethyl caprate,Butyric acid,污-Butyrolactone,Acetophenone,"3,7-Dimethyl-1-octanol",Isovaleric acid,3-Furanmethanol,1-Nonanol,Pentanoic acid,2(5H)-Furanone,3-Methylpentanoic acid,汛-Hexalactone,2-Tridecanone,2-Phenylethyl acetate,Hexanoic acid,Dimethyl sulfone,2-Hydroxy-5-methylacetophenone,2-Ethyl-1-hexanoic acid,Heptanoic acid,1-Dodecanol,汛-Octalactone,Phenol,2-Pentadecanone,Furaneol,污-Nonalactone,Ethyl myristate,Pantolactone,Octanoic acid,汛-Nonalactone,Nonanoic acid,汛-Decalactone,Methyl palmitate,Ethyl palmitate,Decanoic acid,"2,4-Di-tert-butylphenol",9-Decenoic acid,Undecanoic acid,污-Dodecalactone,Undecylenic acid,汛-Dodecalactone,Dodecanoic acid,Tetradecanoic acid,Milky,Fatty,Cooked,Oxidized,Sweet,Fresh,Preference
0.085079911,0.791952999,0.0,0.479409053,0.0,0.421732518,0.825059499,1.27477164,0.384156794,1.320915276,0.0,0.672286878,0.0,0.121681555,0.335144125,0.0,1.055326333,0.110935292,0.0,0.142062414,0.082084851,0.464509766,0.0,0.980883028,1.033500882,0.047143706,0.035861811,0.193318378,3.009575621,0.0,0.448005869,0.536271582,2.571025966,8.507137713,0.150791087,0.0,2.270057241,0.132243352,0.618436443,0.696599984,0.491476921,0.0,0.752519049,0.048170617,0.0,78.04770522,0.379493094,0.74721691,0.161069803,0.20866554,0.0,0.0,2.831533621,0.626972892,0.0,0.0,0.410348422,0.0,264.0973799,4.662012528,0.0,0.50294468,9.185550959,0.088175812,1.330813143,0.328797672,0.918801157,0.19067562,0.219805582,0.0,2.026208182,44.68851021,0.0848929,4.980406157,8.096014403,0.125324683,0.0,190.9125532,4.111922579,4.647823043,1.949869965,0.115462606,0.0,3.715820022,22.84533811,10.71396131,3.1,1.3,0.4,0.9,2.8,1.3,5.3
0.066678231,1.107725938,0.0,0.486579812,0.0,0.069510478,0.532454105,0.40626719,0.248033327,0.222475101,0.0,0.747998108,0.0,0.0,0.275910347,0.0,1.00689644,0.055675038,0.0,0.108296635,0.081896246,0.872833884,0.0,0.607527104,0.704701089,0.036510949,0.014399039,0.144721392,4.63290327,0.0,0.475364092,0.298413308,1.938102464,7.180016061,0.173940298,0.0,2.630054178,0.149748441,0.373344013,0.5875398,0.357541586,0.0,0.439213378,0.051903092,0.0,7.615534079,0.595793793,0.731859287,0.104734452,0.166071426,0.0,0.0,0.883880899,0.91850693,0.0,0.220954343,0.204190148,0.0,26.18398076,3.576768696,0.0,0.339606631,2.098248263,0.094921638,0.93267051,0.296208284,0.471220101,0.193639845,0.258970611,0.0,1.324957413,5.207477061,0.07661134,1.709542245,4.521518535,0.108003064,0.0,16.18939717,3.551302295,0.350145296,0.226045562,0.078664516,0.0,2.159995455,2.989650825,3.769558568,3.1,2.5,0.6,0.7,1.9,1.0,5.4
0.049432104,1.737586175,0.0,0.496801015,0.294643555,0.401544763,0.686639328,0.775425822,0.653706281,0.241508845,0.054880735,33.02020947,0.0,0.0,0.366215333,0.0,2.110954473,0.0,0.0,0.197075052,0.397404458,0.923675242,0.0,0.848893392,0.816762447,0.048782458,0.358835473,4.726260527,5.122022886,0.0,0.467509711,0.340123077,1.429656357,5.596224139,0.342790621,0.071092614,5.329545933,0.172830605,0.304839657,0.681083446,0.345104392,0.077036221,6.464512142,0.624219292,0.0,7.177892057,0.440897293,0.903008364,0.078433187,0.177416872,0.0,0.0,0.881304175,1.367954984,0.0,0.411636112,1.60656736,0.0,25.6064602,3.483455105,0.0,0.293503927,2.032832277,0.130801141,1.700124518,0.316022425,0.923346501,0.099048737,0.299578354,0.0,1.113846612,4.22415,0.036878211,1.505899078,8.642310569,0.086164509,0.0,13.81174913,4.482125511,0.256236921,0.237683626,0.102683455,0.0,3.754309486,2.53625618,2.986775176,3.9,3.1,2.4,2.2,3.1,1.2,6.9
0.0,0.50967338,0.0,2.552313562,0.526284673,0.369020382,0.695342214,0.527948935,0.229088359,0.0,0.03826318,6.501522263,0.0,0.0,0.302630684,0.0,0.668235611,0.063661837,0.0,0.080552742,0.081956453,1.076684911,0.0,0.463354123,0.430921012,0.036035682,0.594444838,0.42796958,4.558426809,0.0,0.372407737,0.178270534,0.851599109,4.573367247,0.239233714,0.0,2.945214915,0.127747913,0.339951131,0.608602294,0.0,0.0,0.694048375,0.0,0.0,5.437227844,0.277845078,0.737721691,0.071266905,0.163819162,0.0,0.0,0.83375132,0.50371402,0.0,0.0,0.204911023,0.0,20.03480568,3.559368856,0.0,0.289069902,1.42695279,0.063607026,0.881944517,0.276775749,0.33148784,0.039836454,0.176675618,0.0,1.094879465,3.325111643,0.030168597,1.253204952,4.254291711,0.075858323,0.0,10.90950541,4.578413822,0.174481344,0.171422627,0.025060153,0.0,1.837425066,2.143398511,2.896771535,2.7,1.6,0.8,0.8,1.6,1.2,5.5
0.496631237,0.713217168,0.0,0.144096884,2.859891826,0.866527219,1.107062296,1.399184254,0.97994994,0.0,0.373553002,23.59365645,0.0,0.081517397,0.324613675,0.0,0.83265179,0.105785102,0.0,0.1599465,0.178774578,1.250155497,0.0,0.666062904,0.662857506,0.010501752,2.392832979,1.231591748,4.657927568,0.0,0.464191375,0.261705982,2.575491744,6.93486145,0.541864894,0.0,6.391318087,0.165028278,0.688840507,0.796100772,0.143360082,0.0,1.899409625,0.453509265,0.0,8.09012078,0.416220961,0.737090784,0.080334069,0.264007535,0.0,0.0,1.069128636,1.141537561,0.0,0.680834802,0.588108532,0.0,33.75910166,3.933933845,0.0,0.283995823,2.404500908,0.131627872,3.966478873,0.335386024,0.608666424,0.10541872,0.487288039,0.0,1.188214254,5.731676282,0.070558228,1.732407297,31.83893056,0.068629423,0.0,16.83595008,2.456118549,0.390374511,0.33750896,0.045833113,0.0,14.91091904,3.35772435,3.792433338,4.0,3.3,1.5,1.5,3.5,1.3,6.6
0.171200311,0.931738026,0.0,2.214828457,1.705797201,0.897549133,0.43701277,1.424515486,0.89714703,6.960889441,0.078968604,8.248012052,0.0,0.049834875,0.40488041,0.541568456,4.168874899,0.131830998,0.0,0.0,0.132898272,2.19464497,0.131384239,0.883116445,1.364473831,0.131090435,1.419659759,1.106629085,7.668395001,0.343578655,0.647066072,0.303212726,2.635481869,7.297033269,0.219909975,0.151780021,8.323836433,0.305854067,0.442527973,1.060366921,0.170699539,0.0,2.134844332,0.156748336,0.101144738,9.328960644,0.444927439,1.623798913,0.10559838,0.308244975,6.772083743,0.137519045,1.20465238,0.978033065,0.0,0.800074283,0.713972079,0.0,33.29791345,5.64566103,0.132814479,0.288009574,1.792754922,0.137375982,6.346557705,0.533009856,0.536840106,0.097746427,0.318993383,1.341079464,1.008714516,6.436932425,0.097410152,1.593684677,31.95623877,0.088546733,0.136965653,25.70298764,6.650348553,0.539098556,0.244493333,0.051899958,0.457080359,12.83379388,4.950474794,3.757795252,3.5,3.3,2.3,2.1,2.7,0.8,6.0
0.200047911,1.060212799,0.0,1.734156171,2.132431388,3.417499817,0.425791805,1.929813833,2.31973672,10.66963071,0.073769768,7.804970264,0.0,0.233710321,0.708752004,0.339678296,3.211778852,0.405208643,0.082586558,0.0,0.149943791,1.428679007,0.144623197,0.590965328,1.542285125,0.172958362,1.907701772,0.980946635,7.270051157,0.230957919,0.490441775,0.269547557,1.892125586,7.942806969,0.127459553,0.075478495,8.267344995,0.271707465,0.429959132,0.927980906,0.170275389,0.0,1.986821521,0.146430649,0.0,9.799505833,0.515317269,1.578642259,0.141750407,0.354881335,7.317498375,0.089712765,1.21213592,1.470956922,0.0,0.737807543,0.626914866,0.060444952,32.860925,5.532112425,0.139202401,0.318041215,1.640638017,0.116654572,5.219234516,0.498434535,0.508368995,0.0,0.260009721,1.242810221,1.422492129,5.925438858,0.186858116,1.561539676,24.53883495,0.087502864,0.119034405,22.73373689,6.644409107,0.479902228,0.189909755,0.200921156,0.37402817,10.76864746,5.173535315,4.303580906,3.3,3.3,2.7,2.3,1.8,0.7,5.7
0.118228125,0.807732646,0.0,1.743096331,2.604244071,0.585591995,0.316397965,1.057002823,0.632965822,0.51975031,0.048417704,5.555448442,0.0,0.0,0.313716743,0.395465051,2.924789108,0.082960539,0.0,0.0,0.123822085,1.328538279,0.047886351,0.512232605,0.946622876,0.105922676,2.142346059,0.824074004,5.797145157,0.263977512,0.440488601,0.229202962,1.452374145,3.466464037,0.110929399,0.103838747,6.344321793,0.190049805,0.226200367,0.806483286,0.067269748,0.0,1.442568274,0.115761516,0.050014674,5.515122365,0.273210921,1.169353664,0.119692357,0.216999692,2.160637506,0.104904469,0.762679414,0.94874845,0.0,0.546996792,0.419065502,0.0,22.54796193,3.41215398,0.101653953,0.216996815,1.019716412,0.074696776,4.321588067,0.404315066,0.344432755,0.0,0.183211203,0.845108653,1.094998147,4.068828052,0.172524363,0.832596032,19.05829436,0.057340822,0.074247346,14.87302344,4.654005726,0.277462532,0.128790042,0.157221412,0.291767748,8.048315731,2.836453553,2.572315387,3.1,3.7,2.7,2.2,3.1,1.2,6.8
0.180771082,1.035911491,0.0,1.833912319,3.082122304,1.774369561,0.343933696,1.894781263,1.434014164,6.519577782,0.074394632,30.11958774,0.0,0.117713324345222,0.434124562,0.266743349,3.366474258,0.212516024,0.12497148,0.0,0.126000936,1.749158285,0.114004476,0.645320799,1.084994375,0.129057697,2.636198377,0.928356486,7.976730146,0.173999396,0.51336252,0.254276502,2.235029623,7.276083804,0.23195857,0.137826907,8.028926733,0.234188709,0.378905492,0.966530973,0.143597176,0.0,1.936360555,0.151758902,0.0,7.600924272,0.626519134,1.464616618,0.110066207,0.288240069,10.66870833,0.08514082,1.057307389,2.491526214,0.0,0.647126712,0.593742959,0.0,31.45905655,4.810751128,0.061300991,0.270745171,1.362639593,0.097325828,5.024993622,0.491228743,0.418791105,0.076926818,0.207941979,0.0,1.258401329,5.496098903,0.20012957,1.007488077,23.06311351,0.101711211,0.0,18.21117553,6.299912257,0.335240091,0.187939554,0.072017569,0.322434879,9.101809666,3.783592933,3.403543952,3.5,4.0,2.5,2.0,2.9,1.1,7.0
0.115748127,0.963925499,0.0,1.357407361,3.86572302,1.310690076,0.302304546,0.953266856,0.802342305,5.259413786,0.073680046,23.34329554,0.0,0.067300537,0.3465051,0.284770366,2.946036744,0.139342287,0.0,0.0,0.117326997,1.466491328,0.084341053,0.507348546,0.79710648,0.09327618,3.585630517,0.807984178,5.63643205,0.201821388,0.392830599,0.211624545,2.452143373,5.06927718,0.118419716,0.110492371,6.798268374,0.185642414,0.28483951,0.738608866,0.085035499,0.0,1.401452037,0.098066088,0.0,6.004690185,0.414723924,1.242602841,0.053141586,0.247527691,1.144336205,0.0812627,0.867753454,1.223103666,0.0,0.4771358,0.455600144,0.0,23.74904331,4.384190985,0.097048674,0.209339008,1.120558868,0.087459906,3.710856538,0.398774706,0.337519707,0.0,0.187281965,0.0,1.30218282,3.973561721,0.136001712,0.847263979,17.50961971,0.062209199,0.0,14.82400334,4.878104175,0.262086252,0.131668428,0.032357187,0.248730775,7.303004509,3.026219152,2.665947713,2.9,3.0,2.5,2.0,3.7,0.7,6.8
0.010056316,0.0,0.0,0.635074833,0.646348638,0.057886383,0.061655788,0.219950288,0.124655399,0.109680014,0.006847649,0.107697846,0.0,0.01541883,0.277547409,0.056223987,0.183034516,0.009957048,0.0,0.0,0.045583087,0.683222486,0.018370345,0.138538698,0.122593475,0.055677679,0.617674183,0.03932606,6.844076852,0.031393023,0.048103506,0.093721663,0.224170227,0.224494186,0.054243397,0.009292101,1.48790432,0.043447061,0.025672399,0.335029029,0.0,0.0,0.145264391,0.008304359,0.018292186,0.504411526,0.022032056,0.212525472,0.007553636,0.023278607,0.069612635,0.005627904,0.078059972,0.067311064,0.0,0.009435137,0.020955486,0.019248633,2.224836176,0.377606354,0.016453079,0.028361474,0.108021592,0.023349389,0.041640008,0.051997247,0.027757867,0.0,0.028216865,0.0,0.138270131,0.391499623,0.021378052,0.104922658,0.339360419,0.0,0.009565149,1.716962545,9.78919134,0.027736894,0.0,0.009612364,0.00570261,0.266332741,0.516131987,0.327660797,2.4,2.8,2.8,2.8,2.2,0.8,5.4
0.742425993,1.191477202,0.0,0.029355802,4.074692101,0.320124518,0.768125713,0.433733367,0.433307273,0.063185493,0.031531097,61.48134994,-0.00322982,0.070708712,0.182087675,0.0,1.564729757,0.073931922,0.059144185,0.139909203,0.542799846,0.70647215,0.040152917,0.716380621,0.816495383,0.0,2.822598878,6.257040944,4.550653539,0.0,0.037178819,0.153367406,1.440225686,3.56333673,0.061258509,0.082934414,8.330817915,0.08058348,0.422198509,0.390052493,0.166666278,0.078529628,6.817250927,0.688645176,0.0,7.347315385,0.185629899,0.973000457,0.017215229,0.243371395,1.159522824,0.06158293,0.922533077,0.530695552,0.0,0.174016918,1.611540017,0.0,32.5844356,2.645335906,0.0,0.473988801,1.532388921,0.133464208,1.297532811,0.319359938,0.784395817,0.0,0.412347124,0.726717236,0.691645251,3.557122439,0.148666162,1.324493996,11.3852273,0.089221739,0.0,7.047113735,0.579430899,0.10764191,0.107859682,0.0463286,0.220343892,6.798566269,1.539441555,1.922694681,2.5,3.5,2.9,3.1,2.6,0.8,5.7
1.207037364,0.474069127,0.0,0.0,5.030121207,6.222053295,0.280836109,0.595795771,0.86393068,0.152021698,0.036290512,43.26304407,0.021840811,0.147264826,0.171779039,0.025491597,1.85247616,0.03536492,0.136288054,0.190679746,0.439192337,0.531198852,0.082301189,0.535940952,0.850231893,0.0,6.00502527,4.456609554,3.628714584,0.005619878,0.070997046,0.164556405,1.611156825,3.454892465,0.639232738,0.064261644,5.871417544,0.065338006,0.332631817,0.254242888,0.242453145,0.049473237,4.769040357,0.491587309,0.0,7.179454307,0.214673132,1.218278073,0.021001974,0.180639746,2.213816632,0.056622785,0.767159893,0.803970818,0.0,0.066025388,1.224125091,0.0,29.72675807,4.097071467,0.0,0.306673297,1.506060693,0.111978251,0.385228441,0.286391135,0.548779562,0.02346007,0.275326033,0.878769974,1.157500051,4.310221031,0.160734551,1.154588625,3.74176089,0.072702506,0.0,6.700585177,0.460629205,0.124807073,0.104026111,0.039508452,0.175258624,2.973250573,1.198346666,1.690883243,3.2,2.7,1.8,1.2,3.0,1.0,5.5
0.044431066,2.074498858,0.0,0.0,7.756774766,0.206022099,0.231160335,0.473537333,0.316603541,0.110058315,0.061664786,80.31635849,0.037527323,0.030049042,0.16186147,0.0,1.218272642,3.079352778,0.0,0.028096911,0.318035055,0.461808721,0.0,0.544965442,0.429973302,0.0,6.969030387,8.844854676,4.018289826,0.0,0.031254304,0.053134261,0.686498,1.614570594,0.374142955,0.050597532,7.83164674,0.078895903,0.192801531,0.312335576,0.109767573,0.117262877,9.717212183,1.021355257,0.0,3.27752557,0.140603721,0.634891291,0.022715136,0.122556418,0.990278291,0.04568428,0.431199849,0.285437128,0.0,0.117268587,2.513455908,0.0,15.19234288,5.211980524,0.0,0.254777205,0.650130899,0.073141361,0.910611282,0.251932606,1.158379982,0.0,0.112466872,0.405286659,0.793352177,1.926076943,0.192932221,0.87600825,8.300679323,0.070880499,0.0,3.984361647,0.532589411,0.069313602,0.0,0.037801219,0.208400022,5.925979609,1.009322207,1.582086643,2.9,2.7,1.2,1.4,2.6,1.0,5.2
2.437259606,1.622142807,0.0,0.079334753,4.43317267,0.691256339,0.318441783,0.13430681,0.14091593,0.105039956,0.0,52.23207781,0.025944905,0.0,0.151012907,0.0,1.393660746,0.0,0.0,0.11383595,0.516409028,0.557102872,0.0,0.49328862,0.553685387,0.0,4.165752652,5.995261246,4.108574526,0.0,0.124844024,0.169905652,0.67415958,1.235911214,0.3659813,0.07207741,5.138662666,0.057177607,0.160716735,0.347848048,0.123665425,0.07311418,6.060147283,0.630705709,0.0,3.099376675,0.102885659,0.795973326,0.026737419,0.121471922,0.911886283,0.03885366,0.438556508,0.13857055,0.0,0.096779407,1.280592203,0.0,14.26717085,1.710978207,0.0,0.16247128,0.74898896,0.062751398,0.708726952,0.216131378,0.564620656,0.0,0.209488288,0.433209181,0.356657131,2.081026527,0.105578232,0.60041566,6.079632523,0.043572591,0.0,3.519094226,0.345867391,0.0,0.0,0.024796378,0.103257089,3.715723675,0.720313676,1.020469133,3.2,2.7,2.1,1.3,3.2,0.7,5.2
0.0,1.510800394,0.0,0.0,5.692102597,1.804005017,0.466704189,0.349588774,0.296338168,0.291530301,0.0,48.23624191,0.025660095,0.0,0.162175916,0.0,1.343286869,0.0,0.0,0.062815578,0.433411808,0.477234897,0.035905736,0.357047142,0.478473259,0.0,5.167960253,5.129817779,3.490698099,0.0,0.086818953,0.150149724,1.075342669,0.826554741,0.308624131,0.054698788,5.681480413,0.064589799,0.121301052,0.230901095,0.109658338,0.062893276,5.204328235,0.551922231,0.0,2.660762644,0.075495037,0.395569007,0.062470423,0.10265461,0.940735115,0.043328488,0.358215998,0.16303939,0.0,0.105207005,1.110425813,0.0,11.73636448,1.277506058,0.0,0.136047912,0.562099347,0.048065446,0.748951641,0.209860474,0.490902555,0.0,0.225036559,0.323353124,0.485844961,1.636330192,0.050738049,0.540614092,7.633887744,0.039893166,0.0,2.61598747,0.335103364,0.0,0.0,0.031324405,0.118016412,4.105999216,0.519849493,0.953567568,3.2,2.6,1.4,1.3,3.0,0.8,5.8
0.0,1.840881665,0.0,0.0,6.018348019,2.64439429,0.295271118,0.370631273,0.28355102,0.227326651,0.0,56.5132344,0.024598569,0.0,0.150613864,0.0,1.079135583,0.206379537,0.0,0.109764231,0.688453539,0.447557023,0.0,0.481621566,0.54405576,0.0,6.289288845,5.789267602,2.826570824,0.0,0.113263837,0.136742309,1.770285806,1.159680242,0.232289312,0.08717018,6.024131315,0.048286063,0.155995508,0.209971097,0.151029881,0.072125996,5.85887113,0.607061834,0.0,3.088985524,0.086431555,0.415973232,0.062647187,0.104626089,0.73840631,0.0,0.436827555,0.153169062,0.0,0.103480345,1.286675818,0.0,13.58459848,2.936791018,0.0,0.157146307,0.796144252,0.049435029,0.83365239,0.233450262,0.588919251,0.0,0.245213915,0.404634939,0.361982705,1.966738708,0.057784044,0.677321042,7.825114107,0.046472232,0.0,3.948399971,0.255095333,0.05383804,0.0,0.063990476,0.127454236,4.884632426,0.691947239,1.016258336,3.0,2.9,1.9,2.1,2.2,0.9,4.9
5.420092371,1.892176956,0.0,0.0,6.938918399,0.178118942,0.293673507,0.289372099,0.27282435,0.08474497,0.103467405,72.88563497,0.032953027,0.0,0.109821821,0.0,1.993620327,0.0,0.0,0.105108925,0.565163888,0.579462981,0.011879723,1.213997943,0.714433305,0.0,5.127357115,7.463984335,3.835993812,0.0,0.031872746,0.207452839,4.272144037,1.233872001,0.331372286,0.074137233,6.324331149,0.019240927,0.15644487,0.215212164,0.193886583,0.097164927,7.566086151,0.789153441,0.0,3.428805972,0.08574969,0.503760213,0.037149633,0.110704643,1.704465376,0.054964853,0.448902616,0.129976947,0.0,0.071715491,1.657323514,0.0,15.34559681,2.780797507,0.0,0.157471083,0.747414573,0.049388469,0.637886113,0.259781898,0.697622536,0.0,0.227008055,0.480958569,0.326124777,2.346299283,0.06838648,0.781963463,7.227771109,0.042624243,0.0,4.829288675,0.254495458,0.077609677,0.0,0.068351384,0.137696511,4.614185782,0.854944898,1.092587089,3.1,2.9,2.3,1.7,2.3,0.5,5.3
0.068221707,0.383017288,0.0,0.078671515,2.972579448,1.307017055,0.928132947,0.487954165,0.218476069,0.43098418,0.129436562,41.79851419,0.0,0.039579377,0.158204861,0.0,1.361842094,0.02756685,0.0,0.088524497,0.424811029,0.274769474,0.010690714,0.479065842,0.562660529,0.0,0.637198989,4.675095669,2.578097533,0.0,0.147962853,0.306828573,3.104005432,0.78964146,0.255408226,0.046071626,7.764840075,0.042608829,0.075364306,0.197762829,0.070342576,0.059998852,4.720700364,0.509310687,0.0,2.096800381,0.065432277,0.36687527,0.028011278,0.085881162,0.364196083,0.031901551,0.288096478,0.138975396,0.0,0.031606321,1.044582582,0.0,9.207820768,1.136456511,0.0,0.09787416,0.461128198,0.045717974,0.231311478,0.182485838,0.357141219,0.0,0.149971533,0.136733156,0.713493718,1.197355104,0.028057417,0.322498676,3.180859079,0.038028967,0.0,2.144732134,0.188167181,0.032362349,0.0,0.026671124,0.098493204,2.319888846,0.474414115,0.593882165,2.7,2.2,1.7,1.6,2.4,0.8,4.6
3.744561442,0.537248175,0.0,0.031550942,5.393009869,0.53752346,0.106081353,0.46157657,0.759580134,0.039685963,0.039061432,48.43576369,0.023924231,0.122142642,0.168865973,0.0,2.103941812,0.0,0.071714741,0.117892736,0.402007092,0.258888584,0.01288698,0.513614233,0.620455376,0.0,3.080244664,4.728991122,2.778927763,0.0,0.04501475,0.144485087,4.225303567,0.840338171,0.36818597,0.053503534,4.215665467,0.050232529,0.11027805,0.180575711,0.094498391,0.052051584,4.753231335,0.548281209,0.0,2.987490352,0.062341568,0.398372383,0.019914551,0.081595849,0.35180379,0.065109224,0.36764602,0.144348416,0.0,0.036826872,1.108459853,0.0,13.39025943,1.695032771,0.0,0.116547782,0.644626855,0.045851362,0.287343869,0.197896592,0.480253265,0.0,0.187073442,0.390582844,0.666036515,2.44563946,0.01769356,0.564443073,3.372321887,0.036068981,0.0,3.777826198,0.248682797,0.069459971,0.015136899,0.051270961,0.092959716,2.583651499,0.652216594,0.818097105,2.9,2.7,1.7,1.5,2.4,0.7,5.3
1.786321496,0.330079927,0.0,0.034312595,4.727697889,0.082463437,0.380293298,0.26062735,0.217505844,0.018722657,0.037234694,31.41317687,0.018333047,0.020871866,0.168757345,0.0,1.100803231,0.015606064,0.012622672,0.086984331,0.32578701,0.4753157,0.026846511,0.318724611,0.476904374,0.0,4.290999677,3.50217694,2.387523814,0.0,0.094826505,0.201313876,1.451062725,0.64095895,0.306992481,0.042675582,3.878428478,0.039344156,0.093641289,0.16365358,0.110334696,0.042270948,3.576353739,0.384142089,0.0,1.95595418,0.046916442,0.37070817,0.017341657,0.058650173,0.206681615,0.03405395,0.270700692,0.090464664,0.0,0.089256781,0.780887516,0.0,9.030246303,1.195312111,0.0,0.09082655,0.460305291,0.041724823,0.719831523,0.181580785,0.323588362,0.0,0.159040165,0.251207692,0.515470314,1.44438761,0.031392505,0.501289476,6.647040876,0.032032855,0.0,2.179707091,0.170358551,0.036596452,0.025544681,0.041925386,0.089016655,3.396349701,0.432053701,0.666871181,3.2,2.6,2.5,1.8,2.3,0.3,5.3
3.985653023,0.862230901,0.0,0.048777877,4.940591008,0.407530697,0.216262266,0.403684306,0.295050142,0.296139448,0.032048427,36.40353914,0.026824424,0.0,0.17300058,0.0,1.05022666,0.036964397,0.038312345,0.013751896,0.307114392,0.327094297,0.052045625,0.231684533,0.327057309,0.0,4.605701311,4.752942205,1.478816502,0.0,0.075297171,0.127415404,1.259151118,1.01261945,0.235827744,0.040022873,5.289353549,0.035966737,0.141413002,0.142605052,0.123437666,0.073546093,5.147669281,0.555224315,0.0,2.690795057,0.058514743,0.365130007,0.017871507,0.077880573,0.237028508,0.038661163,0.361585413,0.115732704,0.0,0.149241761,1.214370161,0.0,11.33720577,2.097832909,0.0,0.092478222,0.413072872,0.05106724,0.606011848,0.211840769,0.448983051,0.0,0.160463034,0.289260505,0.387188331,1.90274904,0.055358,0.288114801,7.755845378,0.040483716,0.0,4.408999082,0.147876275,0.060405503,0.048815446,0.045920613,0.102976399,4.096400243,0.665918797,0.935301296,3.8,3.2,2.3,1.4,2.9,1.0,6.2
0.880837574,0.994602976,0.0,0.03978785,3.023372165,0.6361056,0.488593774,0.216163583,0.206841318,0.067987065,0.021254572,41.58517262,0.022723879,0.0,0.151160747,0.0,0.781711132,0.019055616,0.030240878,0.070744144,0.421940416,0.343647252,0.0,0.472114257,0.450185781,0.0,1.590603683,5.392780094,1.453274232,0.0,0.064610682,0.134630015,0.984681365,0.81843149,0.245075105,0.059979923,6.202526579,0.038546455,0.060461927,0.137633733,0.141680029,0.069432617,5.59845955,0.608907043,0.0,2.215969848,0.057505674,0.293542867,0.020040666,0.055287763,0.32825844,0.019578976,0.282081851,0.079137671,0.0,0.066555881,1.311892353,0.0,8.871945667,1.479575895,0.0,0.066676888,0.432197782,0.042840461,0.572649273,0.178051567,0.517939836,0.0,0.183792264,0.212980874,0.475799153,1.439665026,0.033863117,0.22399241,6.399845305,0.043543267,0.0,3.594849263,0.322394685,0.049505577,0.024015222,0.064733753,0.137501535,3.573090636,0.550029595,0.714330865,2.4,2.4,1.5,1.1,2.7,0.5,4.8
0.014219036,0.854013983,0.0,0.115064215,3.019326279,1.642591376,1.011479773,0.086823904,0.124830671,0.328225423,0.055330873,51.14110068,0.030026919,0.0,0.159308744,0.03239034,1.653178435,0.026407753,0.027944756,0.012033355,0.451746076,0.456578667,0.038296713,0.529137154,0.729786745,0.0,0.738619932,5.742469028,1.386674341,0.0,0.080056807,0.204991185,1.030753259,0.833253263,0.370511019,0.061915048,7.518500466,0.041683563,0.107351899,0.211344149,0.141922374,0.068889385,6.033854415,0.705937579,0.0,2.353481342,0.053149586,0.380322959,0.026378609,0.0649844,0.16529863,0.018615729,0.285153216,0.083144569,0.0,0.150701679,1.443265794,0.0,9.091172375,2.146550738,0.0,0.06781865,0.37850878,0.062717536,0.543269055,0.186197952,0.520185195,0.0,0.182134576,0.196303836,0.396087149,1.367770001,0.078475454,0.192859489,6.447121022,0.035109198,0.0,3.388955058,0.169327719,0.039256032,0.023744155,0.072174098,0.0,3.479150664,0.557493996,0.816338111,2.4,2.4,2.1,1.7,2.8,1.1,4.8
1.72028092,0.297849949,0.0,0.024049109,4.003542661,0.174696805,0.335728683,0.321327093,0.222284236,0.033695531,0.018465326,28.74079426,0.015082372,0.0,0.166027944,0.0,0.541511262,0.024796302,0.025598604,0.035750231,0.290839775,0.367478975,0.036548993,0.194081359,0.469808795,0.0,4.071435959,2.946348607,2.571542278,0.0,0.102678632,0.130936067,0.769131644,0.646120075,0.156848808,0.034646565,3.817405228,0.037479856,0.092771271,0.181364294,0.014299156,0.035508819,3.058588527,0.336953092,0.0,1.887125913,0.052702396,0.237160963,0.016717718,0.042817785,0.398514438,0.015312607,0.298167606,0.104333649,0.0,0.130488419,0.685673073,0.0,7.012804067,1.113502655,0.0,0.055209482,0.433426531,0.02967506,0.616713485,0.147507018,0.313025601,0.0,0.171396246,0.213539856,0.228507012,1.368115334,0.076511611,0.235424596,5.688816406,0.029905036,0.0,3.172115002,0.095256613,0.051422333,0.03588196,0.043290143,0.096041773,3.212735519,0.491092893,0.678329658,3.2,2.9,2.6,1.7,2.7,0.9,5.5
0.15330535,0.538654731,0.0,0.034132584,2.225617582,1.407032588,0.75038968,0.064105879,0.113992878,0.302058565,0.020465375,34.48366634,0.0,0.0,0.15761727,0.0,1.202154719,0.211997283,0.0,0.046773361,0.343461433,0.432721554,0.049075541,0.323601997,0.507195522,0.0,0.43789795,3.584964815,1.243146671,0.0,0.105003736,0.16578017,1.858982574,0.866234863,0.252299615,0.048205927,5.654647868,0.045084566,0.10798272,0.232740641,0.08870096,0.041724198,3.715955522,0.370653204,0.0,3.254180009,0.064852706,0.268773781,0.023519481,0.056761144,0.464007398,0.015974514,0.353741377,0.095833196,0.0,0.047789479,0.835871768,0.0,13.01945007,1.42472057,0.0,0.060613292,0.532003478,0.037125332,0.371677854,0.161890039,0.342021318,0.0,0.163889782,0.429285311,0.380781828,2.071075549,0.07824503,0.267947986,3.979515321,0.025151763,0.0,4.810073971,0.123548912,0.082022103,0.050439624,0.047431009,0.081896523,2.534096182,0.74704357,0.905490639,2.8,2.9,1.2,1.8,1.5,1.2,5.1
2.62660727,0.810111483,0.0,0.156604782,3.986346576,3.517500273,0.105463449,0.786038013,0.616194131,0.0,0.048551734,42.11617003,0.0,0.0,0.181230044,0.0,2.941112385,0.06213427,0.072028321,0.091844874,0.446550818,0.516214723,0.0,0.295163645,0.552171285,0.0,1.302245178,4.818362036,1.728666142,0.0,0.048054096,0.171411668,2.523633627,12.17510277,0.523123247,0.061687636,5.749826176,0.053531463,0.263664445,0.24153575,0.190330866,0.064201948,5.2526962,0.538309186,0.0,4.642852102,0.729827416,0.442247234,0.027655805,0.075721625,26.22535944,0.029676751,0.60186035,3.438859169,0.0,0.058502353,1.351323517,0.0,19.85833102,2.878930173,0.0,0.106462605,1.080455714,0.05554325,0.544996947,0.209419652,0.648370988,0.618777712,0.292147035,0.82400333,0.24019562,3.707771629,0.070569972,0.616058513,7.059750735,0.036903272,0.0,9.980744588,0.12363298,0.199657925,0.155869025,0.013922136,0.184818204,4.709025078,1.689184863,2.173041879,2.8,3.1,2.1,1.7,3.1,0.8,5.1
2.332556251,0.885033259,0.0,0.038721067,3.424523119,5.255801937,1.331646719,1.174458509,1.003520798,0.0,0.045322064,53.33158316,0.019079088,0.0,0.139855409,0.0,3.672087804,0.158073513,0.121466433,0.113525009,0.495555061,0.601214989,0.031183118,0.285777299,0.82137607,0.0,0.774551638,5.896705905,1.557520412,0.0,0.080090453,0.291263063,1.254159487,4.906198143,0.412055697,0.073039304,10.21484161,0.051351373,0.247057097,0.289546976,0.176232137,0.072345026,6.151707648,0.647446687,0.0,4.556348177,0.357884954,0.404112671,0.030135011,0.146977267,5.308870901,0.027235541,0.572682745,1.071803882,0.0,0.080182085,1.405296285,0.0,18.34394443,2.599896947,0.0,0.116155837,0.833692642,0.053989556,0.594007256,0.217804501,0.596628024,0.096865153,0.262931098,0.582965568,0.315555829,2.720057413,0.060395219,0.449855447,6.52878255,0.037491448,0.0,7.260228609,0.093132072,0.148709502,0.090383159,0.028885683,0.140301211,4.440783165,1.128056983,1.25775638,3.3,2.9,1.9,1.2,2.7,1.7,5.7
2.282320282,0.732642888,0.0,0.054317591,5.231343223,2.684400676,0.625245912,0.630791071,0.529496205,0.0,0.035281035,39.72067105,0.01678459,0.0,0.206320163,0.019270576,1.701356116,0.06543997,0.050001399,0.08552799,0.366251035,0.597644215,0.24622607,0.064401207,0.642614722,0.0,2.144277374,4.041568718,1.708661433,0.0,0.153334622,0.229152244,0.948306674,1.508082211,0.430687408,0.043275695,5.353599533,0.044081372,0.15529026,0.269507943,0.11765967,0.048294683,4.21243515,0.421232359,0.0,4.937675227,0.095793003,0.379727532,0.049899536,0.089607559,0.669877506,0.018022525,0.486481518,0.164251652,0.0,0.042969036,0.924793584,0.0,18.3019003,1.526698483,0.0,0.069389806,0.713504023,0.041352182,0.310077053,0.188699815,0.376614752,0.0,0.215721203,0.636704074,0.293602289,3.196808777,0.028312045,0.401906345,3.536231397,0.038347475,0.0,7.281504448,0.120239871,0.13473391,0.094330449,0.030899788,0.105913653,2.522695448,1.055047681,0.917082731,3.3,2.9,1.7,1.4,3.3,1.2,5.5
5.264340642,0.929442323,0.0,0.035585416,6.931259308,0.167773214,0.411077952,0.352582462,0.267266041,0.0,0.030452995,43.49389517,0.020884664,0.0,0.195368303,0.012993676,0.881907956,0.027878157,0.0,0.05867813,0.399445187,0.401283851,0.0,0.08609878,0.524919024,0.0,4.156260494,4.500198987,1.205542226,0.0,0.099095795,0.203687286,1.055736092,1.09381428,0.30753455,0.050167417,5.644061819,0.03979448,0.134622202,0.242740727,0.106700799,0.055944634,4.676567799,0.482265035,0.0,3.616734894,0.084493123,0.314265479,0.03253899,0.069115232,1.273461792,0.019854492,0.392263386,0.116802652,0.0,0.033933081,1.034690742,0.0,13.43109987,0.987164746,0.0,0.054593805,0.619805902,0.028597991,0.271304354,0.16403181,0.435429671,0.0,0.223697672,0.502319746,0.496448084,2.51661841,0.056208485,0.309235107,2.838401751,0.030161723,0.0,6.08578369,0.089254375,0.101546582,0.056276291,0.045702077,0.109694424,2.271990241,0.807980512,0.705429531,2.8,2.9,1.6,1.8,2.0,1.0,4.6
2.397634115,0.277027211,0.0,0.010528441,6.707913216,0.201213766,0.533390838,0.344765748,0.289189228,0.131408083,0.025658152,30.13181033,0.012026777,0.0,0.180739311,0.005090262,1.913951104,0.042839892,0.006130514,0.036593178,0.276804719,0.504852201,0.03767464,0.232491774,0.48241023,0.0,5.623067787,3.114311527,1.083421796,0.0,0.127149253,0.217806276,0.950279461,0.904623073,0.646433751,0.027074474,4.985715431,0.034452171,0.09942956,0.201759735,0.107014903,0.037789886,3.173072079,0.296035148,0.0,1.97589644,0.064378927,0.502266573,0.023916416,0.070304339,0.635328978,0.015756751,0.287551979,0.116049327,0.0,0.164165853,0.662993172,0.013344873,7.060750517,4.896136328,0.0,0.055319449,0.395335285,0.02937863,0.840055203,0.149022317,0.240666814,0.0,0.135947065,0.187193228,0.30256126,0.97540745,0.036839282,0.200477146,6.426387011,0.025680499,0.0,2.351730407,0.077791355,0.025017684,0.033100496,0.044204311,0.045663844,2.813921218,0.391919611,0.552161351,3.4,3.5,1.9,1.8,3.7,1.3,5.1
0.037634578,0.431151292,0.0,0.020522952,3.37839748,0.502507658,0.396228367,0.392731379,0.444432028,0.400386469,0.051175086,43.12985914,0.019951673,0.0,0.185620856,0.009642827,1.258636842,0.051826566,0.029134332,0.044900127,0.32166553,0.42447995,0.027621692,0.283404563,0.410277319,0.0,1.151766753,3.377998661,0.890795713,0.0,0.07521868,0.099852541,1.089349175,0.757471402,0.283923602,0.044530442,5.549060461,0.030584984,0.077610832,0.145605541,0.069190809,0.039669983,3.444493323,0.335130749,0.0,2.211438575,0.050889404,0.393656726,0.014518478,0.066975339,0.575003493,0.016145218,0.27028459,0.153068109,0.0,0.043270662,0.789381759,0.000383221,8.99687435,1.635849666,0.0,0.074670227,0.383461915,0.026917437,0.07426661,0.155622751,0.332447903,0.0,0.123964245,0.269554576,0.579336093,1.410069635,0.0466698,0.167998992,1.205086112,0.024696311,0.0,3.294014471,0.024844513,0.026219093,0.035836871,0.041914766,0.065168299,1.371003936,0.356619789,0.33385226,3.3,3.0,2.3,2.4,2.7,1.2,5.2
0.01532057,0.121157578,0.0,0.010137054,2.260227708,1.505292583,0.123436208,0.240548396,0.251588334,0.202812329,0.013483348,7.956400988,0.004876558,0.017096224,0.176818487,0.004152858,0.548363635,0.016347295,0.01650415,0.020071361,0.106590246,0.212524011,0.003460482,0.269558445,0.112097804,0.0,1.484652767,1.327575968,0.937483395,0.0,0.030635097,0.056517136,0.31756189,0.245571477,0.13423939,0.016933949,2.18393813,0.015612603,0.041468909,0.09115205,0.047698701,0.017540121,1.473092195,0.14027038,0.0,0.844023859,0.027746261,0.120549231,0.030816303,0.022143425,0.269699715,0.009452618,0.130535386,0.053061376,0.0,0.006093445,0.296584622,0.000952006,3.679624349,2.176686292,0.0,0.025637716,0.190908087,0.016952587,0.054589905,0.069124635,0.098892667,0.0,0.049253726,0.165260606,0.229634802,0.769017226,0.014302596,0.117772227,0.629907654,0.012187974,0.0,2.061419319,0.017539158,0.027341501,0.026797641,0.007850334,0.026482308,0.590595513,0.251920162,0.270719321,2.9,2.4,1.9,1.9,2.8,0.7,4.2
0.759187403,1.095239671,0.0,0.014425585,5.289749929,2.438445086,0.313362664,0.192936157,0.274440224,0.091505445,0.016145558,41.30412286,0.019523718,0.020184056,0.146935474,0.004656016,0.497771291,0.059498786,0.030635802,0.079866454,0.327481752,0.387244533,0.035748585,0.36044607,0.253883707,0.0,3.604017482,3.991446576,0.968006107,0.0,0.056843026,0.136267778,1.865038161,0.432504578,0.280553879,0.035632961,2.907727093,0.024999275,0.068135372,0.137187938,0.099094383,0.046322157,3.964171357,0.394605541,0.0,1.886902877,0.048149285,0.216370413,0.050511975,0.050137446,1.038655578,0.016725981,0.255469188,0.105051414,0.0,0.017981006,0.863914125,0.002980199,7.890689272,1.552168277,0.0,0.054270756,0.317127488,0.037910791,0.210718977,0.128607269,0.289666087,0.0,0.120850865,0.221466499,0.420206949,1.103746798,0.022356904,0.177227679,2.545583232,0.020910454,0.0,2.284334311,0.03388709,0.0301072,0.024894332,0.022675398,0.068841721,1.651355904,0.31307045,0.414967753,2.9,2.9,1.9,1.7,3.1,1.1,4.6
1.376752254,0.638626509,0.0,0.017014616,3.574526253,2.977221404,0.344439825,0.33436697,0.39076406,0.073715898,0.065722548,48.46884425,0.020846081,0.073171303,0.149698614,0.007233491,1.110811835,0.018489613,0.040723382,0.08865045,0.324610868,0.392417148,0.029811588,0.362863916,0.278057833,0.0,4.589043008,4.58945712,1.054351585,0.0,0.055785346,0.136679144,1.887696346,0.962718699,0.218747988,0.041099571,2.746144629,0.026103977,0.09334637,0.140387825,0.147045591,0.053414371,4.536767201,0.458396296,0.0,2.039775365,0.093397176,0.309335606,0.066632616,0.058884142,1.459734203,0.021586591,0.276635659,0.204412348,0.0,0.092662774,0.973671669,0.004135616,8.064288596,1.671630021,0.0,0.067437428,0.359567202,0.036438012,0.661076219,0.137640168,0.328908104,0.0,0.150224011,0.199730927,0.146306889,0.976116645,0.013207525,0.182838761,5.78418354,0.019804695,0.0,2.296526669,0.025908408,0.032397919,0.036569576,0.030620878,0.074412063,2.650073385,0.353191538,0.493149019,2.7,2.5,2.3,1.7,3.2,1.3,4.4
0.951606124,0.569434113,0.0,0.025877125,3.982012364,0.135028227,0.347452307,0.200434922,0.178455652,0.022655919,0.034221758,37.61817935,0.015022888,0.029653896,0.153640944,0.014318879,1.120692849,0.008080467,0.025980067,0.084079783,0.340033241,0.361704834,0.013335979,0.28803461,0.38304847,0.0,2.339833252,3.328948526,1.054263313,0.0,0.046850513,0.131027844,0.538709811,0.890344115,0.264550801,0.040760247,3.781574525,0.026401892,0.078617758,0.134043411,0.089857017,0.039120637,3.288810205,0.331996156,0.0,1.867828872,0.078855883,0.246462048,0.065470737,0.045004255,1.214615992,0.015170468,0.275145509,0.181161246,0.0,0.039112461,0.676031467,0.00195633,7.527652494,1.255778493,0.0,0.056908253,0.383035353,0.024399406,0.228683769,0.132012957,0.266680366,0.0,0.121141867,0.267235336,1.231287604,1.245250555,0.059336004,0.211097116,2.456299259,0.01948592,0.0,3.027401236,0.025232408,0.048724514,0.037846711,0.024642484,0.06259394,1.6947988,0.382654547,0.394388081,2.3,1.9,1.1,1.4,2.0,0.9,4.3
0.928113464,0.760539405,0.0,0.016125662,3.339763947,2.30914813,0.231022795,0.322554414,0.377265723,0.093168555,0.032473629,38.4411245,0.023073562,0.034463948,0.172329724,0.005269924,1.03098633,0.014689028,0.03545448,0.086689783,0.313306847,0.325751459,0.018363194,0.244975921,0.323432578,0.0,3.140155158,3.383880019,0.851366306,0.0,0.051407572,0.088521007,0.554357378,0.597247218,0.379087258,0.035519858,2.738606964,0.02273311,0.066396471,0.119046667,0.132039015,0.040900051,3.399534933,0.332030508,0.0,1.596994567,0.057216691,0.354763147,0.049861807,0.053534284,0.910166595,0.019319731,0.207005423,0.149018658,0.0,0.048368165,0.731281894,0.001224353,6.661320946,2.559756939,0.0,0.05733245,0.320759299,0.034481516,0.356363562,0.121641572,0.273878026,0.0,0.130144178,0.157221367,4.088701207,0.897532984,0.048044363,0.152020811,3.839140158,0.023394041,0.0,1.917470295,0.033265888,0.03355985,0.019980945,0.010584774,0.067664661,2.254738399,0.216155234,0.24841632,2.8,2.5,2.3,2.0,2.8,1.1,5.1
0.0,0.753750964,0.0,0.033415248,3.041103152,2.724614992,0.32406726,0.293518707,0.3538892,0.110406938,0.0,13.04139093,0.0,0.021222944,0.155359448,0.0,0.803206727,0.0,0.0,0.053906915,0.384542226,0.335666878,0.006988839,0.597251215,0.463812676,0.0,1.441106204,3.103396774,0.742185877,0.0,0.039227229,0.123334797,0.67408546,0.481173736,0.168686102,0.042280456,2.982206273,0.0221084,0.078030664,0.108711263,0.067163031,0.035872965,3.212210899,0.0,0.0,2.777928407,0.04155412,0.203970845,0.047782907,0.041582048,0.39855236,0.0,0.34690015,0.073003157,0.0,0.026873144,0.708097532,0.0,14.49426011,0.811571805,0.0,0.045884797,0.701092456,0.020360967,0.213341983,0.115243581,0.279075808,0.0,0.114565422,0.0,2.355149107,2.347148213,0.05781175,0.262018697,1.783341179,0.016412278,0.0,4.665014888,0.076690447,0.030535806,0.0,0.021518256,0.052121363,1.339028655,0.452414982,0.380750825,3.1,2.7,2.0,1.7,2.6,1.0,4.5
0.0,0.81642506,0.0,0.021847014,4.083979803,1.321507494,0.304784641,0.181549199,0.185886645,0.080040012,0.0,12.93674057,0.001981837,0.0,0.152166065,0.0,0.530937888,0.0,0.0,0.059924378,0.284035799,0.274510951,0.001053724,0.500333218,0.347817885,0.0,1.906599248,2.880380373,0.711190555,0.0,0.030867165,0.122215599,0.513480845,0.289780359,0.180348612,0.033386291,3.305576472,0.02318923,0.060143678,0.117629206,0.070421623,0.033878472,2.855466019,0.0,0.0,1.981850927,0.039439751,0.191618021,0.017721467,0.034740783,0.611337485,0.0,0.241000124,0.109354285,0.0,0.020549704,0.60100337,0.0,8.700622614,1.131044722,0.0,0.045001028,0.363523789,0.020260145,0.083021684,0.109533004,0.207098713,0.0,0.09873491,0.0,1.81228027,1.317572203,0.043209141,0.178396109,1.165879307,0.0,0.0,2.864840063,0.024183301,0.006526334,0.0,0.017919074,0.0,1.026977506,0.343319713,0.359278655,2.8,2.2,1.8,1.6,2.5,1.1,4.7
0.033481291,0.200390197,0.0,0.02773314,0.855163087,2.933421254,0.325751459,0.0,0.700266388,0.087429861,0.050537836,5.208078493,0.0,0.0,0.296811571,0.0,0.617436157,0.019158707,0.025062679,0.013473106,0.022823446,0.384392586,0.017418686,0.078170206,0.09836314,0.0,0.297396017,0.235345694,2.085669304,0.0,0.032280751,0.085507369,0.146328987,0.126588063,0.208392069,0.009042991,2.259435705,0.014532453,0.021421854,0.104397926,0.014744562,0.005665337,0.488526371,0.048638112,0.0,0.442228567,0.0,0.081829064,0.004940385,0.009591368,0.082133767,0.0,0.066998386,0.012222257,0.0,0.0,0.106251627,0.0,2.108738838,0.242532085,0.0,0.011714377,0.101843253,0.015154007,0.0,0.031414966,0.030634617,0.0,0.011007653,0.0,0.17084877,0.545250033,0.004343432,0.068005575,0.015470526,0.0,0.0,2.010964129,0.176379557,0.024240925,0.01196955,0.005101852,0.0,0.015385231,0.218566689,0.150504749,1.9,2.0,2.3,2.0,1.8,1.1,3.2
0.052940284,0.623101713,0.0,0.008723922,3.254451147,1.219529082,0.491624077,0.0,0.237566645,0.0,0.034853036,31.78870497,0.0,0.0,0.166346031,0.0,0.479893963,0.006490254,0.032576887,0.039130043,0.233591588,0.432169242,0.0,0.171777572,0.304322432,0.0,1.770763835,2.943985182,1.007752629,0.0,0.057264011,0.125275063,0.572721422,0.076676847,0.267238881,0.028867929,3.598604938,0.018593334,0.036441979,0.123011755,0.054573458,0.035931296,2.829695196,0.294361796,0.0,1.055321972,0.0,0.261738597,0.026697591,0.026467358,0.256161818,0.0,0.170921711,0.0,0.0,0.028935785,0.572472466,0.0,4.112957505,2.57752775,0.0,0.043407856,0.181209045,0.0,0.236127733,0.099264881,0.187904151,0.000162076,0.080951764,0.0,0.4329405,0.572089464,0.015668614,0.106428878,2.993296357,0.012827103,0.0,1.617657567,0.041195222,0.004685762,0.0,0.014189629,0.047705941,1.537290099,0.067106369,0.172908326,2.5,2.5,1.8,2.0,2.3,1.0,4.9
0.637314073,0.238011119,0.0,0.005497039,2.95878478,0.832521079,0.014475276,0.161925204,0.146756016,0.024652475,0.026146141,35.04547109,0.0,0.002051279,0.0,0.0,0.297942487,0.0,0.0,0.032138006,0.236603677,0.360406378,0.0,0.197085896,0.308236428,0.0,2.084658793,3.121599697,0.89433327,0.0,0.055403074,0.180923696,0.793929747,0.408251034,0.297094856,0.026879863,3.442291189,0.0,0.053090723,0.133374301,0.051249204,0.038591024,3.17767992,0.0,0.0,2.777796026,0.032535277,0.256284437,0.025183653,0.039448443,0.274674306,0.0,0.247534661,0.088132797,0.0,0.024921432,0.678560235,0.0,13.85250293,1.303037534,0.0,0.083775431,0.440611164,0.0,0.210030198,0.111231379,0.233749813,0.0,0.097211702,0.0,0.403284351,2.234927042,0.020372944,0.180823003,2.351523739,0.0,0.0,4.935446163,0.028024953,0.080928317,0.037989883,0.025241856,0.0,1.316233198,0.54220073,0.424744316,3.2,3.1,1.6,1.5,2.1,0.3,5.3
0.0,0.820301596,0.0,0.068699709,1.943078031,1.163951065,0.799035148,0.062754457,0.117532311,0.286293614,0.0,41.03561547,0.0,0.001796541,0.0,0.0,0.703887111,0.0,0.0,0.001078451,0.375187711,0.343306426,0.0,0.220143493,0.537102325,0.0,0.464823529,3.4074076,0.763084954,0.0,0.03060156,0.200498043,0.374786561,0.672675302,0.240407658,0.050388551,5.729052665,0.023768818,0.162319232,0.143862554,0.11805365,0.041592384,3.49069595,0.334785347,0.0,2.538930662,0.29850135,0.281794261,0.020842722,0.075397337,0.799564338,0.0,0.358899267,0.36859913,0.0,0.015259192,0.764674362,0.0,9.142746874,1.249238701,0.0,0.06118557,0.529159463,0.02979483,0.187101423,0.1443635,0.307264447,0.010855378,0.177454344,0.0,0.239301663,1.488113911,0.01764838,0.25502109,2.59793618,0.021790467,0.0,2.756408568,0.069835573,0.060194914,0.0,0.030561608,0.066963105,2.066411369,0.666593435,0.879136742,2.3,2.2,1.9,2.3,2.2,1.3,4.2
1.13248384,1.694842974,0.0,0.021144877,4.939710134,1.623860557,0.643092462,0.408389822,0.343235381,0.093203332,0.0,19.16537452,0.0,0.0,0.025144252,0.0,0.0,0.0,0.001044,0.0,0.608041397,0.44143073,0.0,1.384758415,0.076317124,0.0,3.016326676,7.792325817,1.507070885,0.000176365,0.09177877,0.241286258,0.980447005,2.418756445,0.334932661,0.078932009,11.05526472,0.0,0.274505433,0.228450153,0.215857729,0.103247446,0.006674039,0.0,0.0,4.8887271,0.143611105,0.540617005,0.053931035,0.149865087,1.466604357,0.0,0.621020818,0.344488721,0.0,0.10738406,1.843573397,0.0,15.94441103,5.71091748,0.0,0.193551499,0.681969849,0.059067212,0.186867961,0.296948833,0.590522725,0.000822972,0.262973534,0.108738291,0.622162701,2.014350865,0.04004639,0.28774823,3.831536805,0.05064693,0.0,4.935335501,0.153110706,0.004902748,0.0,0.072077844,0.134884091,2.889229225,0.491932536,0.656527092,3.4,2.6,2.0,1.5,2.6,0.7,5.1
0.032501835,0.735285452,0.0,0.017976803,4.964272686,0.406797263,0.241957924,0.500148324,0.375954364,0.200248634,0.0,49.10874533,0.022155814,0.027073208,0.186512485,0.0,2.268606164,0.061993857,0.0,0.12155707,0.438741576,0.365880048,0.022303312,1.081386901,0.433659825,0.0,4.50710279,4.649809221,0.713635289,0.0,0.064514902,0.144531334,0.539579467,1.461406869,0.677997358,0.052008064,4.313285349,0.0,0.129839026,0.172412974,0.167643821,0.062027212,4.550099721,0.469436571,0.0,3.198756224,0.086413642,0.502235124,0.070412226,0.085992479,1.206578354,0.0,0.389974281,0.222104395,0.0,0.015809567,0.963866781,0.0,12.93309607,8.518203979,0.0,0.118226372,0.613582909,0.050685279,0.164055888,0.187821194,0.317781147,0.0,0.156020775,0.170823376,0.29860156,2.130191344,0.033811609,0.27174357,2.345018457,0.042420896,0.0,3.589363498,0.270359918,0.047596512,0.0,0.054556568,0.084267049,1.906040406,0.537465012,0.679235795,3.2,3.0,1.5,1.6,2.9,0.8,5.9
2.932755255,0.938407492,0.0,0.020450442,4.044261675,3.480825398,0.404334242,0.932674006,0.035955309,0.104499586,0.0,47.31361526,0.0,0.030521985,0.181971369,0.0,0.675465511,0.054898324,0.0,0.0,0.293759551,0.382069515,0.022556258,0.965648617,0.435521962,0.0,4.793662941,4.444483171,1.143102411,0.0,0.065934673,0.136730891,0.616974128,5.705036347,0.288893819,0.036480965,5.693673187,0.0,0.209819903,0.330965687,0.133592635,0.057147945,4.779476375,0.432747565,0.0,8.206815378,0.433740536,0.280814817,0.03766911,0.095905918,4.693033609,0.0,0.531028492,0.639432643,0.0,0.089998036,1.104148441,0.0,35.91115607,2.413279988,0.0,0.084616996,0.896343094,0.037323172,0.520890974,0.203167708,0.433542507,0.0,0.197617844,0.626341784,0.56183736,5.415065614,0.033396201,0.376765224,5.209258781,0.030458795,0.0,9.777811364,0.167481674,0.256170281,0.0,0.029969313,0.133141288,2.910996368,1.284868934,1.075960072,2.9,2.5,2.1,1.6,2.3,0.6,5.4
1.848113674,1.388753521,0.0,0.020092757,4.661825353,0.462666551,0.261850565,0.247552917,0.26897067,0.044416231,0.0,72.70572382,0.02700986,0.0,0.168371758,0.0,0.94301392,0.0,0.0,0.163948899,0.406220634,0.37214919,0.031775366,1.098264099,0.507167532,0.0,5.87374574,6.026845722,1.046921172,0.0,0.061135307,0.123323333,0.785915441,5.474995665,0.427225266,0.044099178,4.402160291,0.0,0.195732183,0.129651699,0.17740996,0.077695205,6.243907713,0.627391591,0.0,4.561272219,0.456269045,0.483762021,0.031585448,0.101231067,3.324384013,0.0,0.451121554,0.435241063,0.0,0.051635513,1.394597172,0.0,19.58892211,1.462230701,0.0,0.098981449,0.692007997,0.038298402,0.430512062,0.209786311,0.54287173,0.0,0.231413241,0.375077153,0.387010641,2.895511151,0.044293641,0.278740554,4.907365564,0.031981659,0.0,4.886806586,0.136961184,0.110788147,0.0,0.04963159,0.154174168,3.303521448,0.865551217,0.875233376,3.1,2.9,2.3,1.8,2.1,1.0,5.2
0.039231199,1.637955076,0.0,0.0,4.726171809,0.365087066,0.293965018,0.252222902,0.233279899,0.04179462,0.0,64.76965927,0.022586619,0.0,0.168676253,0.0,0.971613791,0.032601913,0.0,0.130171486,0.430652813,0.383860523,0.017945527,1.203744029,0.297029219,0.0,3.857052414,5.381809167,0.878329686,0.0,0.071855975,0.157579208,0.814901379,1.642405848,0.46528129,0.046390287,3.671613805,0.0,0.135350076,0.121315094,0.140818471,0.063155017,5.374893712,0.534872193,0.0,2.927227959,0.080946277,0.503351732,0.02983407,0.107447692,1.359686207,0.0,0.378143183,0.232765011,0.0,0.051923529,1.169691038,0.0,11.1427183,2.172020375,0.0,0.119663901,0.486275011,0.036721327,0.277002217,0.186307746,0.351563882,0.0,0.147277626,0.24233715,0.299099953,1.446477441,0.050831363,0.208367314,3.478859492,0.033237045,0.0,2.96319443,0.439801024,0.0,0.0,0.044968493,0.085958935,2.148875154,0.42768114,0.614275921,3.0,3.1,1.2,1.3,1.6,1.6,5.9
2.600641766,1.417111054,0.0,0.0,4.389288592,2.957865437,0.594402805,0.423233645,0.267272822,0.218442218,0.0,60.67766214,0.0,0.027075579,0.218470937,0.0,0.973856947,0.095537395,0.068750918,0.0,0.321589472,0.468147913,0.41466234,1.364432582,0.75647473,0.0,5.017720991,6.058247221,1.581873229,0.0,0.097845225,0.169001183,0.984130109,1.926547753,0.494808195,0.047471212,4.919784798,0.0,0.171258428,0.347978826,0.166145249,0.073385023,5.94302996,0.60246502,0.0,3.985767296,0.062341507,0.336774334,0.041987856,0.164158765,0.442706126,0.0,0.435688614,0.141860523,0.0,0.289517024,1.177328359,0.0,18.08338189,2.418415179,0.0,0.161825936,0.615524087,0.042561708,1.658700184,0.193754077,0.400870189,0.0,0.151919572,0.556542541,0.255885345,2.401007826,0.048884497,0.386900025,10.18547129,0.038897505,0.0,5.212889696,0.21639592,0.062855043,0.0,0.041730661,0.058393938,4.107814972,0.689130779,0.699125559,3.6,3.4,2.3,1.9,3.2,1.2,6.1
1.163845611,0.82146326,0.0,0.012612305,1.765154727,2.205437067,1.110645929,0.352490608,0.316680049,0.109080629,0.0,34.74818075,0.0,0.010113532,0.158973212,0.0,0.258524104,0.015109205,0.021658727,0.034699794,0.32041438,0.392252219,0.017759109,0.170914843,0.572006975,0.0,0.414324867,3.149887879,1.047440835,0.0,0.048138037,0.181579108,0.760778002,0.747757756,0.151846073,0.046748583,5.776086252,0.0,0.058800432,0.152511351,0.0,0.037571446,3.057047223,0.325153977,0.0,1.294998173,0.032323382,0.239274108,0.023889493,0.049977636,0.243479717,0.0,0.201123707,0.097524863,0.0,0.052586457,0.587058561,0.0,5.241749129,1.061509082,0.0,0.074215957,0.252542266,0.0,0.365824814,0.138954727,0.188323529,0.0,0.102315959,0.133525786,0.33474744,0.682248378,0.01867505,0.146230195,4.07567558,0.024454006,0.0,1.846514459,0.19499681,0.0,0.0,0.030597881,0.037145238,1.981029334,0.27137794,0.267437608,2.0,1.8,1.9,1.7,1.9,1.4,4.2
1.80897359,0.497128418,0.0,0.0,2.135272805,3.983003739,1.088659466,0.597303616,0.418499054,0.172191949,0.0,31.48661995,0.0,0.028632829,0.136996794,0.0,0.733850406,0.020868519,0.071202571,0.039161551,0.278183433,0.379703074,0.020120115,0.136453405,0.450958653,0.0,0.640597377,2.564331996,1.034643916,0.0,0.053912149,0.184707692,0.591345782,0.802914397,0.276525973,0.031661127,5.093810708,0.0,0.070805424,0.134593719,0.084888088,0.029040627,2.528769001,0.263166349,0.0,1.753894231,0.0365751,0.235027323,0.013775053,0.051429371,0.240510659,0.0,0.240821194,0.063784344,0.0,0.157660871,0.491581826,0.0,6.913277069,0.921403336,0.0,0.08951039,0.33072891,0.017099129,0.859121606,0.140633972,0.184331278,0.0,0.114357807,0.199622244,0.209883342,0.971776628,0.018308522,0.158941755,5.884724194,0.024714447,0.0,2.367624656,0.072972902,0.0,0.0,0.033037184,0.038624918,2.396954711,0.293256148,0.289777354,2.8,3.0,1.9,1.7,2.1,1.3,4.8
1.933152105,1.633116285,0.0,0.029227705,2.053407928,2.492622808,0.768436051,0.583861394,0.452890934,0.157686447,0.018545197,63.82012709,0.024215109,0.02773065,0.153052176,0.017792805,1.016222865,0.0,0.044632385,0.066360525,0.426414833,0.427666321,0.02063163,0.204084743,0.582455794,0.0,0.686890373,5.667935049,1.149813232,0.004519277,0.048634003,0.255410989,0.860289196,0.945002537,0.312838839,0.053315491,7.958352288,0.005407082,0.102933442,0.153333752,0.121296199,0.067824483,5.542996227,0.561573254,0.0,4.028067218,0.044824869,0.254144067,0.018081784,0.068679233,0.489910978,0.0,0.341939772,0.110107123,0.0,0.041019798,1.076684856,0.0,18.5354414,1.445783915,0.0,0.090610836,0.550261126,0.031354113,0.249572884,0.188117971,0.351957494,0.0,0.120801251,0.581494145,0.433762902,2.69890781,0.014242063,0.268325314,2.536274367,0.273357428,0.0,4.986753744,0.281078561,0.069088315,0.008123694,0.046017565,0.069068352,1.540975198,0.527458338,0.412369136,2.4,2.6,1.8,1.4,2.3,1.3,5.1
0.704719257,1.970675551,0.0,0.026017482,3.285159426,0.210880311,0.874211822,0.066567696,0.095407731,0.088189737,0.0,84.5946965,0.034273097,0.009494924,0.13651403,0.01987656,1.07250015,0.265416301,0.0,0.076184851,0.474785897,0.431914846,0.062536452,0.280018004,0.888704348,0.0,0.968005418,7.090063954,1.192779121,0.016401574,0.097506332,0.236176803,1.145038443,0.52106641,0.480130796,0.057944363,7.256928802,0.013459486,0.004974154,0.195121248,0.129388589,0.085391734,6.71081032,0.674931686,0.0,2.094893271,0.0,0.529728424,0.044567902,0.072282263,0.268840734,0.021298471,0.249624693,0.090153582,0.0,0.07963718,1.307428172,0.0,9.440505302,1.175712313,0.0,0.197531335,0.326133652,0.021215389,0.586261913,0.168347456,0.399006094,0.0,0.108910202,0.24495859,0.33960689,1.136867419,0.015587555,0.177024279,5.483545763,0.027320174,0.0,2.277686589,0.274643537,0.0,0.0,0.052849078,0.0,2.405301469,0.238804823,0.261037018,2.9,2.6,0.9,1.1,1.8,1.2,5.1
0.0,1.410422403,0.0,0.0,6.373853342,0.146497843,0.320719129,0.242546547,0.183860655,0.068801713,0.0,52.6869008,0.023839888,0.52641894,0.147992985,0.0,0.768351088,0.072782573,0.0,0.104831906,0.359848105,0.330320854,0.130006145,0.286245327,0.331615157,0.0,3.328314097,4.160897154,0.912934082,0.0,0.087549997,0.17170613,0.97499958,0.370039043,0.368857082,0.036669682,3.61943788,0.0,0.009561701,0.130660398,0.027368271,0.037946333,3.804047989,0.388678511,0.0,1.600649678,0.034827632,0.406538227,0.040628997,0.049195895,1.624138206,0.010127667,0.2073251,0.07297469,0.0,0.02835309,0.691861586,0.0,6.655032032,1.03802903,0.0,0.069401866,0.271824755,0.014370877,0.123037511,0.152592934,0.193665411,0.0,0.119867253,0.166717394,0.48772571,0.828986804,0.012539207,0.118965781,1.694221171,0.026916634,0.0,1.51973536,0.102514783,0.0,0.016219335,0.051096055,0.033864417,1.183121867,0.216532231,0.190434162,3.4,2.8,1.4,1.4,3.1,0.9,6.0
0.0,2.115276196,0.0,0.019821233,4.780740214,0.214358395,0.995991618,0.290609051,0.281858245,0.075123899,0.0,66.80755281,0.024146804,0.018995913,0.139470961,0.0,0.915372432,0.121704057,0.0,0.081464169,0.411657195,0.410333634,0.0,0.31596221,0.387403325,0.0,2.423419296,3.975072348,1.030807207,0.0,0.080567795,0.195999559,0.40577123,0.465693648,0.314153102,0.030126703,5.289773598,0.016684414,0.064193899,0.141250057,0.108617509,0.040499269,3.785830625,0.380251857,0.0,2.252825287,0.069342292,0.405227333,0.043826874,0.051073425,1.082985784,0.015498818,0.280018921,0.223343307,0.0,0.047183207,0.747426119,0.005340977,10.58879347,1.478644943,0.0,0.08129455,0.395021497,0.022461294,0.427521979,0.166128832,0.280311271,0.0,0.106535809,0.248455463,0.414524652,1.198204541,0.016011476,0.163712417,3.46144139,0.028118126,0.0,2.407813713,0.061763788,0.024429435,0.023754558,0.030205613,0.058619429,1.964182396,0.295738138,0.26948278,2.3,2.2,1.8,1.9,2.2,1.1,5.1
1.423038161,1.1767381,0.0,0.0,4.971087423,0.361613414,0.449803303,0.213500691,0.18335971,0.035169278,0.0,47.06868423,0.014926453,0.0,0.152739806,0.0,0.73757376,0.005463251,0.0,0.052495376,0.350593128,0.361053293,0.084172543,0.226435961,0.225575654,0.0,2.366740585,4.35014232,1.572095455,0.0,0.061211307,0.126336149,0.26602114,0.0,0.132989054,0.02853468,3.297063622,0.006917051,0.059847927,0.146299743,0.081197037,0.047846933,3.797136919,0.403953055,0.0,1.305553821,0.008626821,0.229074044,0.034295601,0.035512558,0.160344556,0.0,0.249288374,0.070835193,0.0,0.016275106,0.656981198,0.0,6.20889724,1.312578043,0.0,0.081494627,0.278283195,0.039632854,0.11987055,0.151948195,0.219276048,0.0,0.138375507,0.096019519,0.234735259,0.767073249,0.024500768,0.237748653,1.612428125,0.047932167,0.0,1.442464593,0.070057137,0.102756275,0.059749498,0.039506424,1.214869202,1.166493998,0.273089141,0.332667963,3.6,3.3,2.3,1.6,2.4,0.9,5.4
0.0,0.856890049,0.0,0.0,4.611082337,0.43097982,0.136996794,0.365016285,0.274465138,0.09596096,0.120635996,41.54276882,0.018536445,0.02229347,0.161747829,0.0,0.987313088,0.03484453,0.0,0.047633614,0.312163737,0.424253721,0.0,0.244208069,0.447512802,0.0,4.300533149,4.111499924,1.584788828,0.002584757,0.0,0.234161605,0.218115209,0.323449748,0.177443377,0.031930528,3.640621948,0.00625549,0.048911583,0.183565528,0.066664903,0.044404516,3.664324163,0.019535226,0.0,1.835763402,0.022542923,0.21597745,0.033754591,0.025740644,0.048082141,0.009795744,0.213997381,0.038811215,0.0,0.06635096,0.649692504,0.0,9.22463929,1.570289385,0.0,0.040456101,0.347888527,0.037273596,0.379232271,0.153308576,0.202782431,0.0,0.111871918,0.150347399,0.19387375,1.258064864,0.024852743,0.205302139,3.452318849,0.037009927,0.0,2.51537864,0.07597741,0.037995145,0.014856916,0.023008343,0.03755237,1.444013289,0.311661325,0.29355925,3.2,2.4,2.2,1.9,2.0,0.8,4.8
0.020982716,1.72890231,0.0,0.0,3.662567719,10.41244019,0.153052176,0.322741278,0.228444093,1.264652068,0.0,71.36848731,0.030907032,0.078722869,0.103351129,0.008797106,1.007070552,0.094034961,0.0,0.091793463,0.459846683,0.158305047,0.008489849,0.297126758,0.640162791,0.0,0.60168019,6.371380468,1.334940565,0.008963119,0.031610132,0.14691957,0.598847204,0.094387912,0.386298385,0.071200222,6.711352568,0.021828583,0.027301888,0.209992594,0.110616967,0.070358799,5.643213039,0.617809376,0.0,1.320701404,0.0,0.245883364,0.037320875,0.020555343,0.0,0.007402186,0.14891745,0.057138762,0.0,0.047970071,1.026401767,0.000220039,6.372840921,1.003946612,0.0,0.061036329,0.224630979,0.031942726,0.058535432,0.138084053,0.321353635,0.0,0.070483864,0.082605192,0.470332664,0.751226,0.021359968,0.19959013,0.711730391,0.032975275,0.0,1.273420459,0.113096935,0.00686046,0.0,0.025362697,0.058094488,0.699558585,0.16705584,0.173375665,2.4,2.3,2.7,2.5,2.4,0.8,3.8
1.209496104,1.221120267,0.0,0.015455055,7.055925634,0.453406519,0.280865224,0.357704704,0.480294021,0.20549725,0.183957237,58.88266594,0.028441616,0.043174304,0.158964881,0.004890895,1.634798863,0.014508912,0.04232899,0.019963167,0.272690056,0.341482616,0.035954472,0.185507176,0.39794378,0.000250875,2.293917321,4.520729626,1.25839759,0.000565949,0.068413457,0.073779473,0.49925593,0.205592861,0.389861619,0.025171669,4.667332788,0.023485151,0.034877693,0.190679962,0.040050554,0.048563829,4.014202501,0.438425136,0.0,1.062235969,0.024208323,0.405731563,0.029058686,0.029004522,0.107531324,0.013650235,0.184805626,0.028942286,0.0,0.03710594,0.792018514,0.00833031,6.114604934,2.22404375,0.0,0.071184416,0.228774309,0.023928708,0.051991215,0.128310296,0.421668506,0.0,0.028757183,0.092139737,0.158466978,0.8680835,0.01928467,0.248076527,0.685778167,0.034639385,0.0,1.337938775,0.070466027,0.478802449,0.0,0.01752802,0.0,0.0,0.16507903,0.138323647,2.3,2.9,3.0,2.8,2.0,1.1,3.7
1.54029742,0.89045166,0.0,0.027430042,2.92525184,3.298901562,0.614682299,0.639453562,0.462869003,0.350169752,0.0,35.02120059,0.014341393,0.100381963,0.140871115,0.004641519,0.4786591,0.408346018,0.071188553,0.03528457,0.238367156,0.333395284,0.039161046,0.255257097,0.685486213,0.000200543,1.299789583,2.909475802,1.381796844,0.004023838,0.089477236,0.12739165,0.319398296,0.082956061,0.225663745,0.02732028,3.525003028,0.015629936,0.024500892,0.156068659,0.054745677,0.029317025,2.451798204,0.260209749,0.0,0.695816955,0.017852177,0.188031064,0.037638701,0.027480867,0.015519066,0.014674878,0.105749893,0.012832574,0.0,0.163627494,0.388987074,0.008409642,2.976066056,2.148936477,0.0,0.047035526,0.138728617,0.021894111,0.892813704,0.112902153,0.13608871,0.000617217,0.048458393,0.035675817,0.365954947,0.389485141,0.027364015,0.11118946,4.231153901,0.022935543,0.0,0.857854354,0.062709226,0.009336719,0.014534384,0.016384061,0.040981567,1.395046911,0.094771578,0.09308928,2.7,2.1,2.1,1.8,2.2,1.2,4.7
0.729814381,0.846952453,0.0,0.011703598,4.784674837,1.736025523,1.197751628,0.219275796,0.197595537,0.052594525,0.01042582,41.03439888,0.016717596,0.022601393,0.135815588,0.006025083,2.521739246,0.557733612,0.024954433,0.037365202,0.258472603,0.489658979,0.200660745,0.583563287,0.780422602,7.23998e-05,5.003494298,3.717390009,1.421809539,0.002366593,0.107679196,0.361448233,0.209980588,0.060439724,0.717269458,0.016654542,2.611965313,0.019181649,0.025671656,0.225248577,0.051488613,0.036035817,3.110384894,0.318284688,0.0,1.042442941,0.012925466,0.406957479,0.042220595,0.034649216,0.044288749,0.013720457,0.123790976,0.013493447,0.0,0.079645114,0.506501724,0.007707356,5.166104108,0.636785356,0.0,0.05614831,0.15819013,0.0165667,0.450949067,0.110930965,0.132092802,0.001030205,0.078544375,0.05058657,0.432122255,0.625365361,0.03192176,0.121280325,3.60400286,0.024594682,0.0,1.061602037,0.089198223,0.011625277,0.010215989,0.01571045,0.042100966,1.221380784,0.079711916,0.092204767,3.0,2.6,2.7,2.2,2.8,1.7,5.5
0.014677253,1.327533017,0.0,0.015454084,3.838570215,2.824995142,0.350223836,0.415710693,0.318371404,0.30378089,0.046697004,53.5798497,0.025329064,0.041588345,0.140021553,0.009585518,0.916032082,0.530494123,0.04327543,0.046117123,0.35369546,0.326401483,0.022706604,0.306452119,0.53951889,7.45584e-05,1.437378502,4.397975524,1.253229295,0.003953917,0.04478839,0.180514048,0.235608154,0.186982992,0.475799946,0.034978434,1.580239699,0.016351195,0.032449223,0.16548583,0.041137254,0.045528782,3.569744763,0.395880967,0.0,1.64318606,0.0164247,0.19610467,0.010466686,0.415173966,0.158924894,0.015648874,0.172103939,0.011805585,0.0,0.025282796,0.612057807,0.005157695,8.807026731,2.518679883,0.0,0.080801182,0.274276616,0.022403621,0.107596483,0.11491747,0.179020528,0.000732878,0.074841422,0.107826084,0.17968034,1.291410908,0.040518743,0.194472767,1.318248897,0.02634287,0.0,2.36722181,0.04879605,0.0363664,0.022648873,0.020669492,0.024388724,0.87129426,0.172786283,0.098102473,2.3,2.6,2.5,2.6,2.4,1.9,4.3
2.161156824,0.739483665,0.0,0.014228155,2.176256819,1.419515597,0.548583871,0.342698942,0.264325783,0.422847123,0.00034908,29.03152263,0.010299946,0.019623176,0.154035396,0.007916191,0.254557169,0.230029196,0.02012424,0.023312044,0.225180343,0.279980422,0.058935284,0.259203984,0.347764241,9.16268e-05,0.986591522,2.500265731,1.046997572,0.001293573,0.051448203,0.138158818,0.323450722,0.043967372,0.202321799,0.021082618,3.307594013,0.012082571,0.019418097,0.108634023,0.02995596,0.025159708,1.945947279,0.218382967,0.0,0.709371422,0.015441952,0.172175174,0.026692386,0.017241929,0.038271371,0.007611491,0.098890062,0.018258625,0.0,0.011421988,0.313753219,0.0085194,3.829104377,0.91822505,0.0,0.039496382,0.138125896,0.017184405,0.09439445,0.091401401,0.079966747,0.000479602,0.055564358,0.033848964,0.157973669,0.491337734,0.036630413,0.10923589,1.115050455,0.017237889,0.0,0.811912616,0.042332326,0.009982352,0.013585082,0.030951245,0.025401856,0.610720209,0.077226927,0.05505327,2.8,3.0,2.1,2.1,2.4,1.9,5.4
0.504305348,1.388865003,0.0,0.052808494,2.760326222,0.14168915,0.572396365,0.465740282,0.429660454,0.687361478,0.001148035,48.33704583,0.020084197,0.019864115,0.114591232,0.012469025,16.10644927,0.22288404,0.026862019,0.040498184,0.313990479,0.196613475,0.070529251,0.215517651,0.369427019,0.000200318,1.084282668,3.218398274,1.047162344,0.001676174,0.049223473,0.123341307,0.398819717,0.069439877,0.137619784,0.023813003,3.280979758,0.011450953,0.025576369,0.105169312,0.037892833,0.028209755,2.57800008,0.285571781,0.0,1.203107879,0.013502876,0.203078234,0.026508248,0.029943869,0.090289586,0.01361989,0.143972836,0.029007914,0.0,0.043470807,0.434714847,0.008277777,7.011943254,0.569252875,0.0,0.048399494,0.247831467,0.023671711,0.425786204,0.108547893,0.152451081,0.000530931,0.051813893,0.057204669,0.397209867,0.787751119,0.033638287,0.128160568,2.350859155,0.023170658,0.0,1.308535124,0.06060071,0.015065185,0.018916394,0.039931722,0.033375264,1.174420982,0.104027922,0.062145312,2.4,2.7,2.3,2.8,1.9,1.1,4.1
0.410431556,0.586663772,0.0,2.761687533,2.629480852,0.145383623,4.744288349,0.042556785,0.041254708,0.05564269,0.000407566,31.14732622,0.01187539,0.069029691,0.151171845,0.007251632,0.14121277,0.564256484,0.003569908,0.032338645,0.271252804,1.768506053,0.358956725,0.357742629,1.538742517,0.001238619,0.909900221,2.301683925,2.534594597,0.002447967,0.303301759,1.207648417,0.56209819,0.051327641,0.173084413,0.024409895,6.15814606,0.05908369,0.018532115,0.540678211,0.037555474,0.018916024,1.891323942,0.026580628,0.0,1.191488118,0.014160443,0.174230982,0.028630608,0.027078638,0.037951595,0.01386676,0.13301446,0.00661411,0.0,0.211212508,0.325747138,0.011269444,5.744224299,0.670398119,0.0,0.037238789,0.223128717,0.021662984,1.212361633,0.123507878,0.106861434,0.00057108,0.062383959,0.036584965,0.269119401,0.662931493,0.017232839,0.116470581,4.879795932,0.022553851,0.0,1.113938873,0.412262792,0.013873912,0.020698555,0.034536074,0.039304364,1.549085641,0.087255387,0.047178552,2.7,2.5,1.6,3.2,2.4,1.8,4.0
0.794815269,1.170036282,0.0,0.021530062,1.968288159,1.810304452,0.936362601,0.264011172,0.287339184,0.063426909,0.000873298,49.68131631,0.018520523,0.012823284,0.160096789,0.012814072,0.41205457,0.041939949,0.040136274,0.02555917,0.40069295,0.309930354,0.049390147,0.307530299,0.542340362,0.000126869,0.597701634,4.43776651,1.328129739,0.002152243,0.05172523,0.188055239,0.896281071,0.108027157,0.168383856,0.039853378,5.839625589,0.014094442,0.021723006,0.147074759,0.03000973,0.042941412,3.529504969,0.384886134,0.0,1.099855081,0.007776754,0.207486888,0.031731268,0.014291744,0.058953413,0.01055708,0.110157963,0.028434141,0.0,0.056827047,0.569550262,0.013410751,5.432273628,0.60201324,0.0,0.042531468,0.192176713,0.022156985,0.400484437,0.096076414,0.152305153,0.000608887,0.070085771,0.045876254,0.357016952,0.705322701,0.007977613,0.108627629,2.663713271,0.017902803,0.0,1.11760018,0.046123558,0.014850769,0.017021665,0.046294833,0.027397237,1.107793211,0.089397577,0.07800776,2.8,2.3,1.4,2.0,2.2,1.1,4.0
2.983816362,1.251555119,0.0,0.002904058,4.466124827,1.600827594,1.106413664,0.323727596,0.303211522,0.49239631,0.001172159,33.2774692,0.012199338,0.019360926,0.008953179,0.007476318,0.465242042,0.114791602,0.028947092,0.039822131,0.189054445,0.356536693,0.021664937,0.078439567,0.439777761,5.62802e-05,2.993896599,1.870014242,0.837184978,0.001337784,0.062886706,0.139298386,1.356852947,0.080379176,0.178240144,0.012897906,1.961756065,0.010996274,0.015533365,0.10779226,0.036249068,0.013122073,1.35030361,0.154373062,0.0,0.710405108,0.01130026,0.135285599,0.017967351,0.014840168,0.03118208,0.00585462,0.071473967,0.009645749,0.0,0.030306826,0.199436063,0.006946962,2.128271573,1.76049258,0.0,0.030062966,0.073083289,0.010331617,0.200702507,0.067177148,0.039072636,0.000289717,0.043648381,0.011733791,0.150977171,0.219482769,0.007840401,0.042585523,1.813868061,0.008105276,0.0,0.342211178,0.049244454,0.003677727,0.006283406,0.027886279,0.011296022,0.649723724,0.039653029,0.041126185,2.9,3.3,2.1,1.9,2.8,1.5,4.8
0.868457211,0.651427025,0.0,0.022489172,2.292960271,1.862168182,0.856403608,0.317222659,0.358143373,0.168320089,0.020719174,28.35804793,0.01239948,0.013869281,0.170641184,0.005562904,0.720684034,0.049984714,0.04893246,0.025247113,0.163858214,0.220676337,0.58917957,0.08602911,1.294524947,0.000109192,0.579191864,2.21098656,0.446311183,0.000821643,0.025960846,0.149597366,1.420261039,0.023064179,0.501067805,0.020859469,2.768898635,0.004842578,0.006873388,0.136520576,0.023522987,0.02107055,1.791480856,0.196595368,0.0,0.490389347,0.00609129,0.10647408,0.02033157,0.023191526,0.0,0.0091022,0.060990309,0.017016219,0.0,0.060540512,0.226787304,0.001548367,2.271886041,0.573033387,0.0,0.043880943,0.066059222,0.006647003,0.391080618,0.067227224,0.047731019,0.000378765,0.035865978,0.032527782,0.140477878,0.297909143,0.005254812,0.035150409,2.063238767,0.006823158,0.0,0.539846375,0.042341016,0.006334055,0.004162147,0.028880183,0.017063817,0.709430563,0.037520219,0.027730596,3.0,2.9,1.5,1.6,2.8,1.2,5.3
0.639670987,0.59782547,0.0,0.023195397,4.316462408,1.893600343,0.228426664,0.224408333,0.198979697,0.073918319,0.016744956,25.51977934,0.013218782,0.01199458,0.155616025,0.003930958,0.663569719,0.006033379,0.024764889,0.019983243,0.1632533,0.146782546,0.020122159,0.07686992,0.201308223,2.51805e-05,2.603341761,1.799905258,0.304076045,0.000900124,0.0181741,0.075623496,1.532144233,0.027426233,0.156386852,0.011545357,1.685658404,0.006130718,0.008046907,0.050540358,0.022300873,0.016290078,1.371833583,0.150718896,0.0,0.500568953,0.008086453,0.084102451,0.014770572,0.015670176,0.0,0.00594751,0.055504988,0.008939262,1.45477e-05,0.0366533,0.168910155,0.00131241,2.010740326,0.595757725,0.0,0.022164377,0.058198192,0.006912031,0.249260382,0.051560697,0.029328732,0.000236292,0.030185669,0.016736324,0.157488346,0.195476642,0.006011269,0.027036812,1.683446638,0.005733226,0.0,0.267948638,0.034813273,0.0,0.003835554,0.019884213,0.00955058,0.630020212,0.026444415,0.021203359,2.6,2.3,2.0,1.4,2.3,0.9,5.1
1.500041038,0.679712494,0.0,0.018861054,4.336683713,0.666954978,0.384776018,0.081903973,0.091061598,0.04567182,0.016516247,28.95788548,0.010325159,0.011971638,0.156450438,0.005837187,0.85370291,0.205929435,0.01033118,0.034894443,0.188136295,0.17268718,0.061643565,0.198824578,0.222692442,0.0,1.404980907,2.015869386,0.280923751,0.001140963,0.030630068,0.122645763,0.891765614,0.038547247,0.147160138,0.01203101,1.926144746,0.005777066,0.013621072,0.06904952,0.029376099,0.01654554,1.499557665,0.16483623,0.0,0.666045424,0.006773195,0.178590519,0.010482409,0.014048484,0.000476124,0.005379272,0.063198662,0.021355299,0.0,0.007557776,0.179516675,0.001151365,2.392512403,1.077286387,0.0,0.029339713,0.064153472,0.006223238,0.067475984,0.055616907,0.025828735,0.000455297,0.037645625,0.011261314,0.243397447,0.197804486,0.009466631,0.031486021,0.821346846,0.004658668,0.0,0.302955562,0.028109968,0.001201835,0.005589042,0.021146706,0.012270669,0.352509496,0.030720274,0.030812359,2.9,2.9,1.6,1.7,3.1,0.8,5.7
0.483596249,0.75948556,0.0,0.020674953,1.814943207,0.899155153,0.369001687,0.104784928,0.111045954,0.208358411,0.000204236,47.87746497,0.020868667,0.019168313,0.152915827,0.013047133,0.446895385,0.020058225,0.006276834,0.030316035,0.425176933,0.134338775,0.023037973,0.681142316,0.544481378,9.01544e-05,0.658747076,4.135978988,0.487518924,0.004742804,0.033469374,0.11627129,0.961011532,0.063295455,0.9329552,0.042979431,4.995096693,0.007425586,0.016819549,0.084120842,0.018273518,0.035850297,3.197117625,0.345055563,0.0,0.591937649,0.01058583,0.112088334,0.038493413,0.024619703,-0.000510091,0.010224745,0.073426544,0.020172707,0.0,0.022576194,0.505762444,0.004051251,2.93331255,0.615322527,0.0,0.019396669,0.107355705,0.01302321,0.180857546,0.080656872,0.124728426,0.000374969,0.039987297,0.030715237,0.297303717,0.313518138,0.011810696,0.028824939,1.384818231,0.008502787,0.0,0.645352079,0.045790484,0.006740406,0.013231855,0.008232009,0.01775987,0.784150006,0.06710028,0.042802425,2.3,2.3,2.2,1.6,2.2,0.8,4.4
1.792936754,0.966367646,0.0,0.022584383,3.67817971,2.179328881,0.212034197,0.356058706,0.337713976,0.105753718,0.0,39.32308467,0.016215022,0.022854946,0.15492614,0.005478533,0.258939877,0.127125385,0.009263003,0.026789887,0.317726057,0.122223311,0.033754449,0.754821887,0.302494484,6.16695e-05,2.736714694,3.148343558,0.49111849,0.001187739,0.029123205,0.085736731,0.495329469,0.041132379,0.11201204,0.029770415,1.838934345,0.006398912,0.017137396,0.055237475,0.024938375,0.028891499,2.316661317,0.263550859,0.0,0.727068449,0.00853473,0.093027067,0.009440746,0.015331995,0.000168929,0.010508113,0.083056792,0.020114693,0.0,0.014714773,0.357184547,0.007187615,3.485736931,1.430784393,0.0,0.028399779,0.112917936,0.010994915,0.078993198,0.075451239,0.081490055,0.000547112,0.044438437,0.050172086,0.303426364,0.380488442,0.005752339,0.027916384,0.85164666,0.005296656,0.0,0.623811433,0.06215282,0.010358042,0.009739336,0.006736555,0.016880466,0.513682099,0.057964279,0.044427917,3.0,2.7,1.6,1.5,2.4,0.6,5.2
0.771561901,0.991409883,0.0,0.024839398,4.971152071,0.153955579,0.311769382,0.33232709,0.289428518,0.059181814,0.088443723,42.76739675,0.021162249,0.021107205,0.137531696,0.012380001,0.639605921,0.0067087,0.017044697,0.050636063,0.329368281,0.31096786,0.028558143,0.538792898,0.425556843,0.000206267,2.778675856,3.912488814,1.012920766,0.00449002,0.036954908,0.136696292,1.298133155,0.084377949,0.15960848,0.030954523,3.733085015,0.011554041,0.022394601,0.1240687,0.034674279,0.036198614,3.148555483,0.363170472,0.0,1.537543319,0.011541844,0.179865622,0.06062774,0.025181239,0.000253727,0.00516303,0.14182591,0.017149386,0.0,0.013716191,0.487955303,0.001120517,8.588381506,1.257797901,0.0,0.032953603,0.238670002,0.020464222,0.10645672,0.103744934,0.101219594,0.000717932,0.068302881,0.150651958,0.378225129,1.059586304,0.008448302,0.072336893,1.095992374,0.007298654,0.0,1.433616773,0.082537417,0.023752526,0.023431668,0.028935915,0.02960481,0.583424769,0.080503376,0.067033503,2.5,2.5,1.8,1.2,2.2,1.0,5.2
0.020713627,0.78039837,0.0,0.016151515,1.707887099,2.260229166,1.688858584,0.492139654,0.404635667,0.114105253,0.019007928,35.44592229,0.013348671,0.025488778,0.128823889,0.011440781,0.56719163,0.009796843,0.042559612,0.021204703,0.243683064,0.469890786,0.006378284,0.05045149,1.078261483,0.000114316,0.459803487,2.691974021,0.923879524,0.004178111,0.065298424,0.330247757,1.121254814,0.083774656,0.460922024,0.018601393,3.988426552,0.01476957,0.018430268,0.20225297,0.032946706,0.021500008,2.225753436,0.254055461,0.0,3.177647828,0.013517507,0.18340919,0.01810556,0.055755781,0.001183226,0.008553506,0.191764972,0.014151293,0.0,0.015948904,0.37788231,0.025142025,17.80525244,2.019196349,0.0,0.043845625,0.417675294,0.01944468,0.165009216,0.088672997,0.103702674,0.004093438,0.380834114,0.491726168,0.402607811,2.639448783,0.021002746,0.129893466,1.387950822,0.008434547,0.0,4.779027135,0.070911751,0.055501096,0.026634462,0.020693919,0.029968997,0.736825948,0.242637277,0.070815031,2.2,2.5,2.0,1.9,2.2,1.3,4.8
0.014793393,0.585229034,0.0,0.013672441,1.52581679,0.179400701,0.58743893,0.179567937,0.175938088,0.162198888,0.285187476,44.14609052,0.006906673,0.018429604,0.134270112,0.027424159,1.209481997,0.368250967,0.020473549,0.129161083,0.254795078,0.251591505,0.019084643,0.04723724,0.502495845,6.70517e-05,0.283856954,3.508888493,0.758767531,0.008532642,0.040756822,0.102747497,1.645474811,2.865338948,0.204180615,0.027007079,4.285257277,0.015357483,0.060048098,0.179701722,0.084793516,0.036713549,3.048566116,0.309997317,0.0,2.110293796,0.0,0.250813393,0.037221807,0.036329273,0.001887034,0.01115942,0.160657449,0.48386546,0.0,0.026078703,0.54088084,0.002623996,9.072529368,2.872836318,0.0,0.043208862,0.227610252,0.023814764,0.108450936,0.083953407,0.169392903,0.0,0.133604173,0.236012249,0.161373473,1.242270747,0.019481486,0.108790295,1.047888777,0.007664219,0.0,2.70580371,0.03973731,0.059208109,0.020587612,0.007620131,0.031404712,0.783470736,0.261680554,0.251450417,2.0,2.4,1.6,1.9,2.0,1.3,4.3
0.030889538,0.91022957,0.0,0.018734664,1.796698545,0.153678814,0.368279121,0.227366203,0.241410426,0.024735978,0.153388325,53.43279521,0.011882518,0.033517558,0.158090858,0.007757776,0.578273111,0.029926407,0.026318263,0.020510454,0.215589824,0.277584894,0.014742359,0.039497468,0.514047157,0.0,0.40287452,4.737433222,0.773744555,0.00187077,0.056445219,0.097949899,1.402898848,0.359495916,0.328146924,0.021973074,4.126642423,0.016122737,0.03675664,0.408167041,0.033813066,0.055281518,4.416237766,0.505872443,0.0,3.119863217,0.03233635,0.198149971,0.028004745,0.030890512,0.001787817,0.006252873,0.147987121,0.099153727,0.0,0.037543749,0.852826294,0.002475812,16.37957536,0.561252217,0.0,0.037937132,0.225143281,0.057935452,0.128949392,0.083225166,0.284975993,0.002088797,0.036175329,0.462539025,0.223944061,2.425552384,0.025674609,0.110025561,1.181948022,0.013382663,0.0,5.250384528,0.015742578,0.124780085,0.018580025,0.010549612,0.027729359,0.98055655,0.378599527,0.270267416,2.0,2.4,2.2,2.3,2.1,1.1,3.7
0.96514613,0.627521454,0.0,0.031293819,2.614675046,11.37821791,0.669780384,0.233321124,0.083662568,0.097667772,0.436752207,36.10526393,0.001443279,0.1020452,0.044156113,0.016074112,0.902804964,0.110965518,0.018563612,0.070740919,0.294952451,0.383360225,0.013733098,0.063082081,0.421260806,0.00015168,0.620400051,3.239843283,1.027710087,0.007358091,0.111223158,0.162250234,2.088723393,0.488574615,0.392212007,0.032397755,5.477130348,0.020677127,0.049929488,0.210954006,0.048066744,0.034052732,3.076156009,0.208134705,0.0,2.249061499,0.016250887,0.324895966,0.032403416,0.054954324,0.000516617,0.009639929,0.196570164,0.043990794,0.0,0.014850424,0.604701853,0.007601685,9.714171693,5.40812772,0.0,0.075475416,0.308812913,0.022982732,0.040800293,0.116689866,0.211343854,0.000569624,0.059107595,0.214939762,0.421931074,1.324294503,0.015674474,0.129170462,0.736890826,0.014040648,0.0,2.967913377,0.029225061,0.05990046,0.03361198,0.024388562,0.048470893,0.825329205,0.253399745,0.232149017,3.1,2.6,2.1,2.0,2.5,0.9,5.5
0.004984555,0.032459959,0.0,0.024734362,2.008752623,0.615210994,1.116873392,0.024927419,0.050291479,0.455005662,0.01328074,3.422269363,0.001703207,0.063018854,0.106017783,0.013642424,0.171021718,0.011205802,0.005449559,0.025490472,0.032682936,0.633687771,0.169506927,0.065878644,0.3652382,9.5761e-05,0.888853361,0.209128148,2.856450642,0.000836549,0.076883766,0.20984113,0.595523094,0.250595432,0.801566229,0.005676791,1.691739349,0.010746904,0.031397879,0.252591555,0.012831371,0.002309576,0.240270303,0.014440997,0.0,1.611431303,0.01485501,0.141923293,0.021745157,0.030036838,0.0,0.010489805,0.156192304,0.016979884,0.0,0.150712747,0.036869172,0.004506734,6.835301753,0.94717208,0.0,0.053234267,0.231981758,0.027470322,0.683390773,0.078658314,0.017901663,0.000305766,0.024756288,0.13974477,0.35976809,0.873695581,0.01709403,0.100480477,3.144782607,0.00898643,0.0,1.835776876,0.018327245,0.03069123,0.017114788,0.02427742,0.010432271,0.958077618,0.166147878,0.111594257,2.9,3.2,2.4,2.1,2.8,1.1,5.0
0.566581984,1.102746195,0.0,1.423336976,1.949463033,0.218432146,0.501952209,0.108743357,0.057915932,0.183096547,0.054080685,70.03577526,0.000860745,0.145098486,0.165677793,0.033666499,0.420088656,0.237867038,0.069612996,0.006097363,0.416955363,0.252281529,0.048073147,0.079782174,1.122397887,0.000919735,1.374054556,6.228078892,1.217649999,0.008445817,0.061815569,0.166530459,0.631562485,0.011250393,0.30512576,0.042347052,5.966962843,0.015094122,0.015786856,0.204487829,0.05183864,0.070360998,5.644222115,0.0,0.0,1.568042927,0.0,0.266555122,0.025585652,0.0,0.00065201,0.00404283,0.105481781,0.145198752,0.0,0.27939977,0.945656694,0.008245645,6.476163851,0.826396797,0.0,0.080609483,0.189002002,0.013281822,1.145033238,0.133242052,0.264769939,0.0,0.052057534,0.079592659,0.432768864,1.11947519,0.015334145,0.0,4.885335511,0.009126499,0.0,1.684455505,0.352532274,0.0,0.0,0.039332718,0.016929474,1.600246978,0.0,0.0,2.6,2.4,1.6,1.9,1.9,1.4,4.9
0.003230615,0.136451893,0.0,0.016993012,1.701093147,0.106522972,0.843025428,0.038045325,0.010378459,0.052486562,0.01236192,9.627119218,0.0,0.035788782,0.140880076,0.016416358,0.241107334,0.329132536,0.006899606,0.02457566,0.068857695,0.334851721,0.149811353,0.270161343,0.466962446,7.42027e-05,1.057996064,0.798509268,0.393982707,0.001157165,0.071870477,0.22237626,0.498161064,0.074324651,0.156174725,0.007798538,1.853951975,0.016999679,0.018499418,0.148807102,0.019160045,0.008290912,0.736529966,0.072435923,0.0,2.055972189,0.008389859,0.129364191,0.037857673,0.02365576,0.000271608,0.006049217,0.107033951,0.009352112,0.0,0.133356763,0.121658564,0.004093422,9.415877124,1.238268577,0.0,0.064808876,0.166145028,0.013312773,0.599627041,0.073782727,0.031534353,0.0001851,0.025973652,0.135423464,0.329538633,1.04428552,0.007273042,0.041504494,3.345077692,0.004627061,0.0,1.633603948,0.030237527,0.017730132,0.007739247,0.019172799,0.010228008,0.898521344,0.08262115,0.046553073,3.1,2.9,1.9,1.7,3.2,1.3,5.4
0.004153522,0.552480627,0.0,77.23047269,3.754497592,0.105723751,0.353816672,0.096998813,0.330711827,1.276616688,0.050665334,15.85475366,0.007540172,0.019447678,0.150523243,0.04397454,0.296039406,0.36250899,0.006432812,0.05001861,0.110161205,0.234769562,3.316483345,0.270210052,2.635603282,0.0,2.346036851,1.908697713,0.605145165,0.004604709,0.047028343,0.231545057,0.503576989,0.342261874,0.475731814,0.016368546,1.977426904,0.011600858,0.026701932,0.356527406,0.03766295,0.027185916,2.307282024,0.259706387,0.0,1.539858622,0.011711754,0.264691877,0.027514174,0.24788379,0.0,0.010545519,0.127887932,0.020477515,0.0,0.129834507,0.398535981,0.003726165,7.971149237,0.595205956,0.0,0.069173425,0.17362094,0.013627031,0.741648411,0.114354168,0.109002176,0.000220076,0.063401729,0.184687772,0.372650612,1.23531039,0.006884189,0.064031176,3.909747522,0.007427786,0.0,2.439514978,0.065308232,0.033633454,0.0,0.018649051,0.026591346,1.35162889,0.138599472,0.084086484,1.7,1.5,1.8,2.1,1.4,0.6,2.9
0.008431755,1.054344599,0.0,0.02965866,2.0317705,1.348135606,0.720056845,0.06353228,0.101328436,0.758245203,0.016634423,3.371581737,0.001919452,0.263782174,0.166958357,0.008323467,0.266009404,0.027501552,0.013186291,0.020245831,0.030811917,0.321492999,0.076625384,0.237038464,0.252648006,0.000234777,0.661921716,0.228854252,2.370393745,0.00142876,0.044742691,0.086706528,0.625030096,0.07663068,1.006468577,0.008134658,1.891746337,0.013676002,0.032643275,0.139529218,0.017401441,0.004326218,0.323113775,0.011246151,0.0,1.471445052,0.011603371,0.130244411,0.035542603,0.036466085,0.0,0.013007744,0.128960847,0.013438211,0.0,0.182261195,0.037403789,0.006406818,6.797519909,2.159409511,0.0,0.074687275,0.191166828,0.023306148,0.789420947,0.083712489,0.015561022,0.00025559,0.028027395,0.085532659,0.299551852,0.716953617,0.011936475,0.055510896,3.248628895,0.01069091,0.0,1.12300211,0.064447458,0.015585429,0.016176508,0.021631086,0.00799561,0.821797634,0.091695084,0.065951955,3.2,2.7,1.6,1.6,3.1,1.4,5.7
1.046113156,0.645880879,0.0,0.049311619,2.156243556,0.137097239,0.384433847,0.058340535,0.074259568,0.044322319,0.009863779,29.01514776,0.010652561,0.023214535,0.159539101,0.005490707,0.952046031,0.161639316,0.015576642,0.030803343,0.22525846,0.149255908,0.051868017,0.229413346,0.316248664,2.49491e-05,1.236558119,2.15599885,0.344236098,0.000676389,0.03297118,0.086018123,0.612316471,0.056082238,0.09799957,0.02174567,2.137336561,0.007160544,0.01799852,0.051140938,0.023091793,0.013342408,1.61837012,0.194253181,0.0,0.521861868,0.009657208,0.083355817,0.029444923,0.021777194,0.0,0.008322985,0.07012208,0.01633365,0.0,0.027036775,0.225288296,0.0,2.011473496,0.541493244,0.0,0.060729123,0.071912425,0.01391791,0.190585582,0.062997544,0.048100958,0.0,0.028161425,0.01642402,0.156043092,0.183977481,0.009737832,0.03370579,1.500725269,0.007510404,0.0,0.366321751,0.098388225,0.004645691,0.008063637,0.0137014,0.008505234,0.585703532,0.039578059,0.043401787,2.7,2.5,2.0,1.4,2.1,0.7,4.9
0.011057093,0.536284262,0.0,0.028721415,3.743770356,0.417114052,0.180183768,0.123560569,0.103158209,0.055081584,0.084688626,23.8203592,0.011757605,0.020018681,0.152032259,0.009194005,0.696744648,0.214722687,0.012135417,0.032914804,0.158774159,0.151766406,0.048741225,0.237608941,0.280210665,5.68451e-05,3.013564181,1.784172454,0.315134827,0.004097632,0.026670829,0.105730311,0.468132988,0.082595708,0.158990957,0.01455115,1.953782173,0.006213449,0.021614826,0.067984548,0.025190269,0.015118815,1.380480365,0.152109625,0.0,1.489217953,0.008108656,0.092359484,0.029202957,0.018378698,0.0,0.00966991,0.106310456,0.010723001,0.0,0.009998964,0.217234356,0.006776539,5.995636542,1.021617674,0.0,0.062286564,0.144141554,0.011093718,0.097928642,0.06869079,0.043460339,0.000418135,0.036642529,0.09572236,0.175157017,0.703613364,0.029731478,0.054313297,0.883739752,0.007052469,0.0,1.158320718,0.055905931,0.015747994,0.00794265,0.012244255,0.013552917,0.410150994,0.092885532,0.040868409,2.3,2.5,1.5,1.9,1.6,0.8,5.0
0.896717768,0.667956692,0.0,0.031230488,3.085679828,0.088477901,0.213252332,0.077264014,0.085456359,0.040339304,0.014990613,29.00911322,0.012663797,0.012185056,0.156029822,0.007978719,0.805324121,0.004947528,0.011958976,0.043392211,0.202806552,0.115047037,0.034692731,0.276179803,0.304399212,3.61736e-05,3.470438621,2.091226461,0.256969454,0.002439579,0.025917697,0.077341915,0.410404296,0.035674436,0.138202693,0.01891397,1.62314304,0.005541816,0.012272087,0.049970385,0.023313327,0.014724168,1.617673726,0.182603453,0.0,0.534949247,0.008720937,0.084561654,0.008734649,0.019797133,0.000601033,0.006752875,0.060887198,0.014049205,0.0,0.063968398,0.220879181,0.001230953,2.085881272,0.582884539,0.0,0.040489867,0.066972861,0.009646544,0.39232207,0.059963612,0.047742642,0.000316338,0.035755491,0.021112215,0.175368873,0.229671708,0.01418259,0.030372899,2.161249764,0.007230576,0.0,0.373170188,0.0386111,0.004554474,0.00622235,0.021491562,0.012715924,0.760410208,0.037351638,0.036070836,2.8,3.0,2.2,1.7,2.3,0.9,5.4
0.021140776,0.785681292,0.0,0.0,3.657522769,1.463718572,0.210258645,0.183761324,0.008937811,0.168402823,0.025091496,30.47768883,0.020526262,0.022977229,0.168963425,0.0,1.267801126,0.015757396,0.0,0.038808407,0.195373423,0.113994181,0.017115102,0.122724546,0.184803804,0.0,3.635446127,2.122032633,0.245842104,0.0,0.018138397,0.102503916,0.447380096,0.061627096,0.208297058,0.0,1.798990506,0.0,0.0,0.049614646,0.0,0.017906668,1.611626753,0.189621397,0.0,0.636086776,0.0,0.110492579,0.025170797,0.0,0.698986285,0.0,0.062147515,0.013177081,0.0,0.029598637,0.225130581,0.0,2.272905801,0.620137182,0.0,0.051504998,0.05607874,0.0,0.242895534,0.070818281,0.038861565,0.0,0.037161248,0.040781374,0.321651403,0.264701275,0.025750257,0.0,1.859158116,0.0,0.0,0.364472348,0.051585023,0.0,0.0,0.029918342,0.017185574,0.688885683,0.040576581,0.0,2.7,2.8,1.6,1.4,2.9,0.6,5.8
1.953235036,0.88641921,0.0,0.017477297,3.162440672,2.320821687,0.439387091,0.467433869,0.402152077,0.095405535,0.058167747,33.73711603,0.022469178,0.019832004,0.17568654,0.0,0.99506827,0.015304552,0.04715745,0.031902387,0.217999548,0.238257542,0.043688645,0.113888995,0.336070336,0.0,2.081866688,2.466563885,0.353660053,0.0,0.052552665,0.162823129,0.73370829,0.113132533,0.225202522,0.016791154,2.387294723,0.0,0.014530799,0.090512757,0.0,0.019058083,1.905941631,0.238247596,0.0,1.091481986,0.0,0.103759468,0.02436635,0.022595441,0.144723157,0.0,0.095192304,0.0,0.0,0.031784786,0.274693098,0.0,4.546070915,1.436926229,0.0,0.053153142,0.103750295,0.0,0.23799815,0.070590838,0.058882371,0.0,0.047932312,0.040995674,0.293806416,0.445759327,0.021127437,0.051894644,1.845218208,0.0,0.0,0.672408842,0.031495259,0.0,0.0,0.020528258,0.018535321,0.698280831,0.059153645,0.0,2.7,2.4,1.9,1.3,2.1,0.9,5.3
0.039476735,0.849460505,0.0,0.029693259,3.846447434,0.30032818,0.359478431,0.504089149,0.143954342,0.096381415,0.024317367,38.84785792,0.017664138,0.039627411,0.170975049,0.0,1.537525166,0.034666481,0.024369409,0.050057615,0.22058454,0.223402949,0.028620586,0.037721213,0.290902096,0.0,2.660680881,2.657536743,0.290279813,0.0,0.046669939,0.175044046,0.667248486,0.073882365,0.419416708,0.018511435,1.813209249,0.0,0.0,0.101143104,0.0,0.021147563,2.056151637,0.242193317,0.0,0.927626596,0.0,0.170378016,0.027708041,0.0,0.0,0.0,0.087979087,0.0,0.0,0.010987619,0.296302287,0.0,3.826260149,1.779017896,0.0,0.053654874,0.093416487,0.0,0.119890842,0.08054665,0.058931951,0.0,0.064392274,0.033852111,0.228860028,0.340745512,0.023700568,0.0,1.21907339,0.0,0.0,0.451323092,0.069908487,0.0,0.0,0.020647221,0.021114379,0.540180858,0.0,0.0,3.0,3.2,2.1,1.6,2.8,1.0,6.0
1.025777737,1.446137301,0.0,0.02753277,3.034215751,1.02009791,0.612763474,0.152721318,0.162863139,0.048228226,0.023856021,59.85491054,0.03030653,0.031705091,0.149517393,0.0,7.837111986,0.026602956,0.032103836,0.066481869,0.334033234,0.30947383,0.027064282,0.046950869,0.523054481,0.0,1.235559942,4.593880811,0.426288461,0.0,0.03588001,0.212601219,0.653858661,0.081970656,0.703273493,0.031178835,4.182038012,0.0,0.0,0.127052839,0.0,0.04431539,3.623590446,0.443134236,0.0,1.583970906,0.0,0.197391807,0.008934705,0.024150103,0.452815621,0.0,0.104878402,0.051182956,0.0,0.05470943,0.524411246,0.0,6.577337156,1.480065011,0.0,0.059720238,0.155380851,0.0,0.20311525,0.078644456,0.103603042,0.0,0.047048006,0.074407238,0.215220672,0.605433849,0.02513461,0.03419438,1.452648729,0.0,0.0,1.076766982,0.052672361,0.0,0.0,0.005578329,0.019307893,0.550054892,0.0,0.0,1.8,2.2,1.5,2.0,2.0,0.8,3.9
0.324049467,6.115208415,0.0,0.27338374,23.2468816,10.74329621,2.864158553,1.453198122,0.661513155,1.153619595,0.0,260.6604805,0.119423859,0.284326361,0.393324145,0.0,6.273760063,0.075873069,0.167802659,0.43657687,1.534167307,1.42668568,0.106463262,0.788565389,1.656121332,0.0,11.81547202,16.26605027,1.737124535,0.0,0.339108938,0.835071246,5.463074412,0.386001868,1.199859473,0.135405727,16.01939747,0.0,0.0,0.459008226,0.0,0.128840358,11.15837529,1.254281518,0.0,4.126962846,0.0,0.668661427,0.167130636,0.0,4.516395136,0.0,0.526206548,0.120047305,0.0,0.0,1.229340249,0.0,15.82409823,17.0589155,0.0,0.327396347,0.556717236,0.0,0.240698635,0.478843207,0.232921347,0.0,0.327008564,0.153504157,2.385786288,1.542630387,0.199783338,0.0,4.008209068,0.0,0.0,2.193379179,0.167032723,0.0,0.0,0.031434661,0.0,2.27652364,0.0,0.0,3.0,2.8,1.8,1.7,2.0,1.7,5.6
1.85647629,0.561206822,0.0,0.034627031,3.255105201,3.199391263,0.274944962,0.42051045,0.425761245,0.109932346,0.023612617,21.68534008,0.006666259,0.041850159,0.165184461,0.0,0.680273895,0.018369569,0.052854752,0.033492279,0.137471241,0.155310161,0.040615949,0.1433317,0.327980963,0.0,3.49787084,1.570616622,0.238283713,0.0,0.050790089,0.102525593,0.639575577,0.042770039,0.222636868,0.011956389,1.410476349,0.0,0.0,0.069227222,0.0,0.015079989,1.170314925,0.130510389,0.0,0.556951443,0.0,0.095961918,0.014312668,0.0,0.0,0.0,0.068376413,0.0,0.0,0.085912127,0.155904822,0.0,2.07046156,0.766470364,0.0,0.04729379,0.083582316,0.0,0.436076868,0.060511704,0.044073478,0.0,0.030680704,0.036493056,0.309826601,0.191576623,0.013897972,0.0,1.994976742,0.0,0.0,0.403364537,0.047284033,0.0,0.0,0.02536972,0.007377939,0.649043453,0.0,0.0,2.7,3.0,2.2,1.4,2.6,1.0,5.9
0.035429579,0.871448633,0.0,0.34946552,2.292493028,0.710301927,0.644069327,0.592383589,0.832587803,0.847489078,0.336521004,34.64730312,0.018346038,0.191085175,0.323971039,0.023373675,1.524808081,0.087908722,0.02425032,0.029878802,0.273611493,0.236422488,0.031079755,0.308298596,0.615794068,0.020219342,0.239761243,2.514642024,0.868907717,0.0,0.027594049,0.123973294,0.624316219,0.04980582,0.457934197,0.023706025,4.546674604,0.0,0.019968312,0.135945323,0.0,0.023353056,1.989672622,0.200681703,0.0,0.721183949,0.0,0.209804455,0.019523057,0.0,0.105427406,0.0,0.07607452,0.02887306,0.0,0.011819177,0.273721991,0.0,3.210731636,4.658247952,0.0,0.043949404,0.091677031,0.0,0.01698643,0.079163972,0.049755876,0.0,0.027619702,0.031899662,0.242381698,0.271619681,0.006073247,0.0,0.182350113,0.0,0.0,0.439821736,3.94839449,0.0,0.0,0.027387618,0.0,0.208564354,0.0,0.0,2.6,2.8,2.0,1.6,2.4,1.0,4.9
0.038456271,0.536597392,0.0,0.301004006,5.89019715,0.69209318,0.788800066,0.682905232,0.499339584,1.169599358,0.007294669,2.551919424,0.005687057,0.089904904,0.369160062,0.018677577,0.637577954,0.140973015,0.007053481,0.225407564,0.067564301,0.309812128,0.047615157,0.367190925,1.775723204,0.055256252,4.32196093,0.233064784,0.796887911,0.0,0.131437874,0.216993347,0.377570373,0.560103924,0.58921435,0.037765592,1.183763809,0.01387242,0.062113808,0.385016315,0.0,0.0,0.296119452,0.019884439,0.0,1.317804515,0.0,0.202693057,0.023078659,0.338372314,0.0,0.0,0.164320634,0.012695809,0.0,0.191197667,0.06011097,0.0,5.535857545,1.790870397,0.0,0.091831174,0.185677758,0.0,0.540952924,0.102949975,0.0,0.0,0.025603469,0.089810345,0.26871681,0.514427991,0.007634241,0.0,1.316582992,0.0,0.0,0.360611274,3.840412073,0.0,0.0,0.031714535,0.0,0.297083046,0.0,0.0,2.6,2.5,2.0,2.5,1.8,1.1,4.1
0.040304425,0.47655211,0.0,0.479389579,0.889684533,1.387246433,0.714336072,0.384532317,0.785525302,1.743976451,0.014496906,1.782613826,0.0,0.012545016,0.042820841,0.0,209.1543047,0.185507822,0.019197174,0.0,0.067281874,0.298374549,0.04861432,0.47362797,2.226474147,0.057410427,1.133502351,0.192587483,1.173363913,0.0,0.102418757,0.190858409,0.38469407,0.965639044,0.615019385,0.0,4.132673742,0.016743838,0.055935973,0.390861466,0.0,0.0,0.306971356,0.020668146,0.0,2.179648035,0.0,0.377958817,0.024071245,0.265534548,0.0,0.0,0.152734415,0.0,0.0,0.291414915,0.05537123,0.0,9.40313207,1.580644177,0.0,0.101046292,0.298438847,0.0,0.875839324,0.129671571,0.0,0.0,0.036944918,0.159240366,0.440542728,1.164883335,0.008452297,0.079070546,2.153832835,0.0,0.0,1.385177863,4.229379011,0.0,0.0,0.015042978,0.0,0.403379474,0.0,0.0,2.4,2.3,2.0,2.0,2.0,0.9,4.3
0.067094342,0.076261572,0.0,0.484881206,2.52233998,1.221417649,0.153368612,1.837139349,0.771858311,2.343282956,0.091911493,0.752238244,0.008319606,0.165909075,0.396081656,0.01843959,159.5275575,0.061509555,0.103277802,0.0,0.06686055,0.429788796,0.151307465,0.038755163,0.609218423,0.059920782,2.743206164,0.158740239,1.144219678,0.0,0.06481353,0.150547123,0.347551181,0.088632669,0.596636932,0.020976015,4.424916232,0.023338694,0.0,0.205449409,0.0,0.0,0.214750614,0.0,0.0,0.981778426,0.0,0.213477431,0.006927635,0.019296175,0.0,0.0,0.09132262,0.0,0.0,0.048324842,0.031723417,0.0,4.094799385,0.911908048,0.0,0.06072617,0.115977397,0.0,0.194857201,0.078671442,0.0,0.0,0.0,0.066814691,0.256207408,0.481275756,0.016631438,0.0,0.796205233,0.0,0.0,0.78293014,3.655997599,0.0,0.0,0.012247003,0.0,0.194152039,0.0,0.0,2.9,2.7,2.1,2.1,2.5,1.0,5.1
0.044811201,0.074057463,0.0,0.42226832,2.693151703,2.831015286,0.176878209,1.950050437,1.290962336,2.369440145,0.167944982,2.254767912,0.002729736,0.47163883,0.423824639,0.0,0.673612273,0.114684858,0.070715932,0.0,0.074964842,0.577840367,0.05262203,0.046109629,0.530634207,0.064311958,2.920831728,0.304700436,0.99075901,0.0,0.128768594,0.212278459,0.425453967,0.0,0.518946407,0.0,1.106089211,0.0,0.0,0.193556773,0.0,0.0,0.349453391,0.023255281,0.0,1.829465441,0.0,0.14264357,0.016101624,0.0,0.0,0.0,0.133387387,0.0,0.0,0.070769279,0.032896922,0.0,8.263608556,2.089904906,0.0,0.079486257,0.206250416,0.0,0.319805899,0.078451725,0.0,0.0,0.0,0.155317306,0.349051173,0.828465622,0.01807106,0.053747663,1.374006788,0.0,0.0,0.939022299,4.327092559,0.0,0.0,0.018250923,0.0,0.296433279,0.0,0.0,3.5,3.0,1.6,2.4,2.4,0.9,6.4
0.036883995,0.071924372,0.0,0.353805728,3.548345075,2.823674509,0.788464517,2.228075252,0.372388177,2.138299079,0.014101707,3.4613351,0.011880421,0.652991752,0.414541879,0.0,0.58642043,0.16030059,0.058945595,0.0,0.074817492,0.408488323,0.080804115,0.031050209,0.518325955,0.070836735,2.863726173,0.268591485,0.966216299,0.0,0.066981454,0.168616164,0.477123513,0.0,0.574153901,0.0,1.033958251,0.0,0.0,0.170799037,0.0,0.0,0.248778727,0.021325606,0.0,0.712831374,0.0,0.116520952,0.011438381,0.0,0.0,0.0,0.067541646,0.0,0.0,0.049293148,0.016092087,0.0,2.997909608,0.970215893,0.0,0.054979967,0.064255128,0.0,0.191815206,0.068906401,0.0,0.0,0.0,0.024438235,0.215044871,0.259095067,0.035069199,0.0,0.767163889,0.0,0.0,0.34853849,3.674939022,0.0,0.0,0.02383534,0.0,0.172427015,0.0,0.0,2.8,2.5,2.0,2.0,2.9,1.6,6.3
0.032046338,0.10054475,0.0,0.324884722,0.403272445,2.622449711,1.203212716,2.532512627,2.076680443,2.315946859,0.016600982,2.09480543,0.011263763,0.577576558,0.394370158,0.0,0.672818229,0.117989557,0.014983069,0.0,0.057990725,0.368699658,0.059192871,0.055911891,0.862917036,0.053346595,0.243005733,0.156064264,0.89306734,0.0,0.051960548,0.18756815,0.289838964,0.072807275,0.595626104,0.0,0.295924059,0.0,0.0,0.163815258,0.0,0.0,0.173866073,0.0,0.0,1.515608884,0.0,0.142840826,0.030497126,0.101928632,0.0,0.0,0.135548874,0.0,0.0,0.083097726,0.0,0.0,5.95376771,0.813968098,0.0,0.079806487,0.135847974,0.0,0.286974632,0.084015442,0.0,0.0,0.0,0.087112806,0.554018724,0.629958748,0.031192646,0.029102354,1.205236174,0.0,0.0,0.737505767,4.132135423,0.0,0.0,0.014630821,0.0,0.270574846,0.0,0.0,2.6,2.4,1.8,1.6,2.7,1.6,5.4
2.235112642,1.187189626,0.0,0.026771838,4.634759361,2.327334308,0.541224728,0.397886855,0.388619672,0.111031666,0.054083633,49.52554045,0.015874227,0.027526758,0.175994998,0.0,1.794026043,0.034754224,0.053415619,0.054409867,0.322892775,0.335292429,0.084013781,0.061976028,0.476333826,0.0,2.097934266,3.605021389,0.374308025,0.061383619,0.063559744,0.151706289,0.234548461,0.077396992,0.15259646,0.028628128,4.484739045,0.0,0.0,0.114558553,0.0,0.032965112,2.837931855,0.308782158,0.0,7.676510824,0.0,0.14350805,0.019415464,0.014778266,0.0,0.0,0.378662779,0.047909943,0.0,0.079356005,0.392032074,0.0,41.02478757,0.990501654,0.0,0.074392016,0.950377019,0.0,0.367739577,0.065482609,0.074870605,0.0,0.059098195,0.937392792,0.405474104,4.234313904,0.025545931,0.201661283,1.389924615,0.0,0.0,5.323962907,0.040171566,0.0,0.0,0.023546083,0.0,0.46250281,0.201162542,0.0,3.4,3.3,2.4,2.2,2.5,1.4,5.4
0.399429181,1.053881226,0.0,0.017874116,4.649027381,2.366134095,0.423748391,0.221375441,0.007406577,0.036179906,0.027258296,38.4804196,0.012864592,0.025486701,0.155761196,0.0,0.543498615,0.01690956,0.017382149,0.034411552,0.204908398,0.212372373,0.028982075,0.061453714,0.274879111,0.0,1.237526557,2.309015456,0.231958223,0.0,0.042185645,0.147211865,0.300010565,0.0,0.182050526,0.0,3.265987856,0.0,0.0,0.075388041,0.0,0.0,1.630916916,0.161136578,0.0,0.95906273,0.0,0.155730193,0.02144989,0.0,0.0,0.0,0.081303272,0.0,0.0,0.0,0.182005841,0.0,3.211041929,0.657568264,0.0,0.045594989,0.07529245,0.0,0.054240814,0.052408534,0.0,0.0,0.03048616,0.031132128,0.218204107,0.271635113,0.03003163,0.0,0.53216687,0.0,0.0,0.333714709,0.017429226,0.0,0.0,0.030566207,0.0,0.301497581,0.0,0.0,3.1,3.1,1.8,2.3,2.7,1.1,5.9
1.829967128,0.998277086,0.0,0.029233891,2.881246725,1.445167314,0.831382335,0.287761356,0.303474157,0.065148037,0.112705647,38.21897363,0.01373166,0.020623467,0.223764815,0.0,2.922938811,0.014795497,0.0,0.034822345,0.260637962,0.344270672,0.062531687,0.11144971,0.43730753,0.0,0.329238809,2.456429917,0.503563585,0.0,0.040976011,0.178655402,0.38631822,0.045872003,0.227738488,0.03009409,5.22506326,0.0,0.0,0.13992308,0.0,0.017079388,1.720790039,0.195080709,0.0,0.728915814,0.0,0.17269022,0.016214169,0.0,0.0,0.0,0.078698959,0.028545458,0.0,0.017914148,0.174315532,0.0,3.29465603,0.699322515,0.0,0.041318005,0.085380802,0.0,0.136134284,0.064456467,0.032324348,0.0,0.040801643,0.033142934,0.325589766,0.267649433,0.033701964,0.0,0.984457305,0.0,0.0,0.396757266,0.024876554,0.0,0.0,0.022227882,0.0,0.351886922,0.0,0.0,2.0,2.1,1.8,1.9,1.9,1.2,4.4
0.991701319,1.00710019,0.0,0.048082172,1.924233024,0.84065935,1.353846346,0.145824471,0.17662083,0.076585411,0.206783567,36.92020099,0.011998479,0.013153142,0.18393169,0.063617843,1.39048123,0.028308005,0.028904256,0.044097273,0.251360941,0.299367954,0.029825518,0.096050045,0.535081148,0.0,0.221479115,2.041776849,0.402801056,0.0,0.03349058,0.190323032,0.262903479,0.079135979,0.415786952,0.024711994,6.008257436,0.0,0.0,0.129037328,0.0,0.016619422,1.542834986,0.160008612,0.0,2.207668416,0.0,0.187929809,0.026385178,0.0,0.0,0.0,0.144551179,0.0,0.0,0.0,0.184933061,0.0,7.672641283,1.173250158,0.0,0.051591045,0.17766754,0.0,0.089880658,0.073152487,0.022315584,0.0,0.050078902,0.10933581,0.302276053,0.760835639,0.018352374,0.0,0.765668644,0.0,0.0,1.326627529,0.032075415,0.0,0.0,0.013456005,0.0,0.350292777,0.083407847,0.0,2.5,2.5,2.0,2.5,2.9,1.3,5.4
1.456288649,0.849320783,0.0,0.0,6.970074172,0.052531186,0.308334412,0.131611521,0.096642398,0.043378844,0.018681921,38.18229186,0.013561458,0.0,0.139284555,0.0,1.351538672,0.016787845,0.0,0.039545669,0.226518229,0.178736405,0.056101266,0.097963663,0.226633097,0.0,1.40909379,2.386982369,0.10199067,0.0,0.036897619,0.157452545,0.337242063,0.0,0.253826031,0.014631955,2.366527234,0.0,0.0,0.068492472,0.0,0.0,1.761615928,0.190910089,0.0,0.755311723,0.0,0.170121467,0.011953032,0.0,0.0,0.0,0.079409062,0.0,0.0,0.0,0.182970334,0.0,2.553917514,0.99455659,0.0,0.04041249,0.068900616,0.0,0.038747136,0.051022231,0.0,0.0,0.034978109,0.0,0.274046833,0.230495579,0.010642439,0.0,0.483328366,0.0,0.0,0.27691294,0.036406659,0.0,0.0,0.006969853,0.0,0.258762781,0.0,0.0,3.2,3.0,2.2,2.1,2.4,1.0,4.9
0.593542812,1.291770522,0.0,0.03220218,4.248192634,0.199647392,0.597261515,0.115534185,0.169426016,0.068820141,29.15038414,55.17966931,0.024494677,0.0,0.160527374,0.0,0.676624897,0.011407097,0.0,0.034414485,0.332750693,0.220731203,0.027894681,0.13637814,0.302654949,0.0,0.722680759,3.482889974,0.355927599,0.0,0.032869798,0.091682343,0.372926057,0.0,0.200064494,0.027696339,4.566246418,0.0,0.0,0.090465087,0.0,0.031227626,2.689634787,0.304219399,0.0,1.267598833,0.0,0.190241641,0.022005558,0.0,0.0,0.0,0.110720455,0.034291004,0.0,0.028512513,0.339377522,0.0,5.021761357,0.846190344,0.0,0.059901759,0.140645117,0.0,0.239917259,0.060352077,0.059097757,0.0,0.056794664,0.047541328,0.277707587,0.426826187,0.021858153,0.0,1.221930621,0.0,0.0,0.631820248,0.022425053,0.0,0.0,0.011717591,0.0,0.511035178,0.0,0.0,2.8,2.6,1.9,1.7,2.5,1.2,5.1
1.87325515,0.843889126,0.0,0.028881975,4.16834509,1.328521091,0.175052972,0.282577772,0.226808149,0.067467357,0.0,31.63800899,0.018283123,0.011533751,0.174126234,0.0,0.586297661,0.012567573,0.022533741,0.034149768,0.236375544,0.120706961,0.013192752,0.125569106,0.24585163,0.0,1.005639154,1.934631006,2.04915302,0.0,0.01784751,0.072126383,0.195463461,0.0,0.139602522,0.016576301,1.798167424,0.0,0.0,0.047707132,0.0,0.016399149,1.473886264,0.162762643,0.0,0.666348151,0.0,0.076770337,0.021843742,0.0,0.0,0.0,0.086566644,0.0,0.0,0.0,0.172442864,0.0,2.688867894,0.616315864,0.0,0.045555945,0.095609505,0.0,0.073412164,0.04797759,0.036579328,0.0,0.030856825,0.0,0.239602646,0.269980965,0.004964208,0.0,0.712821117,0.0,0.0,0.377145951,0.016486197,0.0,0.0,0.021845579,0.0,0.350333785,0.0,0.0,2.4,2.5,2.0,1.7,2.4,0.6,5.5
0.038187535,0.559786173,0.0,0.031928675,3.231851008,0.06307379,0.135661903,0.037810771,0.018662412,0.085015954,0.0,23.26450912,0.009944787,0.0,0.192387274,0.0,0.453139939,0.007040417,0.0,0.037784325,0.153796138,0.066874755,0.0,0.135846143,0.215940503,0.0,3.061491385,1.539127326,0.119409517,0.0,0.0,0.049780738,0.180837439,0.0,0.106580387,0.0,1.029283636,0.0,0.0,0.047945406,0.0,0.0,0.983132658,0.117629026,0.0,0.368601419,0.0,0.054831855,0.013107429,0.0,0.0,0.0,0.049311325,0.0,0.0,0.029361181,0.09431422,0.0,1.087277999,0.645120441,0.0,0.037349363,0.0,0.0,0.175559199,0.041511989,0.019752706,0.0,0.025809355,0.0,0.269588358,0.067266673,0.005994167,0.0,1.179765085,0.0,0.0,0.176805383,0.020114954,0.0,0.0,0.035919792,0.0,0.3741219,0.0,0.0,2.9,2.5,2.3,2.0,3.0,0.8,5.3
0.018907197,0.723020873,0.0,0.024230407,1.65131552,2.73104544,0.88504473,0.276052854,0.036874612,0.099249962,0.035172149,29.94886991,0.013054739,0.032966106,0.174119029,0.0,0.888036615,0.014597559,0.014752187,0.02511109,0.249766719,0.163773111,0.019718195,0.134909491,0.31493389,0.0,0.2196698,1.810043927,0.194476873,0.0,0.017846979,0.145857966,0.156712283,0.0,0.114613801,0.018112304,3.318599506,0.0,0.0,0.062123593,0.0,0.0,1.281248483,0.145608325,0.0,0.919856796,0.0,0.085009058,0.01882257,0.0,0.078680028,0.0,0.085772254,0.017036939,0.0,0.0,0.130600337,0.0,3.770093445,0.675229402,0.0,0.040950496,0.111905841,0.0,0.035010308,0.043127478,0.020407856,0.0,0.039089862,0.050693413,0.115622258,0.394001744,0.003744756,0.0,0.392228388,0.0,0.0,0.589529703,0.014372437,0.0,0.0,0.008544388,0.0,0.223393654,0.0,0.0,2.8,2.6,2.2,2.0,2.6,1.4,5.1
0.027424496,1.035070632,0.0,0.026314626,4.307231361,0.955990866,0.432921281,0.041822496,0.041968877,0.056494691,0.0,37.86870433,0.018860047,0.0,0.190241075,0.0,0.954629254,0.023234049,0.0,0.048796751,0.224190227,0.134902926,0.010914393,0.177011575,0.397943717,0.0,1.081001871,2.171923946,0.183283077,0.0,0.021112361,0.084704676,0.272008187,0.0,0.171004488,0.0,2.243607622,0.0,0.0,0.072167688,0.0,0.016816136,1.581333287,0.165253596,0.0,0.626435568,0.0,0.069253257,0.02555333,0.0,0.0,0.0,0.063600936,0.02053354,0.0,0.046274668,0.174905906,0.0,2.013914733,0.907129177,0.0,0.0415895,0.058656665,0.0,0.263013787,0.048630711,0.031615932,0.0,0.031424503,0.0,0.228997481,0.150393558,0.003936542,0.0,1.435864198,0.0,0.0,0.299095458,0.013909121,0.0,0.0,0.012378316,0.0,0.50032654,0.0,0.0,2.9,2.4,1.4,1.4,1.9,1.5,6.3
0.069298127,0.776621708,0.0,0.0,6.233108066,0.079376248,0.371527213,0.058072438,0.04882592,0.051573236,0.0,31.82599666,0.0,0.0,0.154259389,0.0,0.620089571,0.014244343,0.013692021,0.037278116,0.159939653,0.136253626,0.007618137,0.202594876,0.193464217,0.0,3.595079308,1.815578646,0.183932115,0.0,0.0,0.094918848,0.227980786,0.0,0.287821217,0.0,1.305977724,0.0,0.0,0.056340893,0.0,0.0,1.260692534,0.150023349,0.0,0.711773962,0.0,0.180022958,0.023352773,0.0,0.0,0.0,0.074476823,0.0,0.0,0.040882415,0.145608062,0.0,2.41878164,1.462214973,0.0,0.060027758,0.065181117,0.0,0.213052375,0.053755519,0.027714165,0.0,0.04125699,0.0,0.294279286,0.150743974,0.004866077,0.0,1.434603625,0.0,0.0,0.232231026,0.015647337,0.0,0.0,0.011120905,0.0,0.523486787,0.0,0.0,3.0,2.6,2.0,1.9,2.8,1.2,6.1
0.015770288,0.027377898,0.0,0.019893618,2.517326872,0.44842264,0.037242546,0.556935772,0.700164193,0.117364664,0.521991908,0.884096924,0.0,0.058563252,0.358764769,0.005153928,0.570409879,0.053319056,0.05057175,0.0,0.014528038,0.078257526,0.07391574,0.057982971,0.06766882,0.0,0.523461989,0.203713483,0.432627087,0.006736146,0.009507447,0.037575746,0.086297197,0.0,0.173815591,0.004101216,1.69872621,0.003744164,0.0,0.15858423,0.0,0.0,0.39447636,0.041657753,0.0,0.208425109,0.0,0.054577054,0.004382625,0.034539951,0.0,0.0,0.028947645,0.005590511,0.0,0.0,0.071962136,0.0,0.855669051,0.356053455,0.0,0.019211459,0.022239128,0.005906227,0.0,0.018856703,0.007210193,0.0,0.0,0.012526702,0.077900438,0.097353386,0.0017009,0.0,0.0,0.0,0.0,0.201806091,0.071891456,0.0,0.0,0.002302623,0.0,0.0,0.0,0.0,2.0,2.0,2.9,2.6,2.1,0.7,3.1
0.332917495,1.070810135,0.0,0.255492383,3.057164339,2.012231719,0.148166416,0.461137766,0.39540332,0.088138683,1.096402281,43.23466963,0.021404567,0.018715464,0.176580828,0.032295274,1.074324666,0.019414086,0.044629869,0.065475931,0.2659812,0.154173289,0.014259001,0.153734848,0.232187461,0.0,0.48021375,3.048117352,0.225487165,0.0,0.036247952,0.068714896,0.223930658,0.043231531,0.18071466,0.021946286,3.512866805,0.0,0.0,0.090862956,0.0,0.024722074,2.582343334,0.275948817,0.0,1.177686,0.0,0.089543346,0.011924981,0.0,0.0,0.0,0.106763414,0.019984251,0.0,0.0,0.299574606,0.0,5.35244372,0.633754583,0.0,0.053018426,0.108362982,0.0,0.0,0.04781133,0.058783884,0.0,0.016303787,0.064493219,0.141371054,0.50104008,0.00369727,0.021906106,0.080657677,0.0,0.0,0.71554456,0.0,0.0,0.0,0.008170686,0.0,0.129670426,0.0,0.0,2.9,2.4,2.2,2.1,2.3,0.8,4.5
0.506764094,0.386197313,0.0,0.026170043,1.809578103,1.425953649,0.131000949,0.375645586,0.341052414,0.07597972,0.943170192,20.61762067,0.01277114,0.015721756,0.202738345,0.008295024,1.317166093,0.010035098,0.03168853,0.028459528,0.164258026,0.117343609,0.015795826,0.159358575,0.159434338,0.0,0.341954503,1.917248133,0.209322171,0.0,0.012497899,0.062537806,0.171084606,0.0,0.126581407,0.017168758,2.763945411,0.00721747,0.0,0.102759619,0.0,0.016403113,1.484232978,0.172249088,0.0,0.582001327,0.0,0.063506279,0.007916406,0.0,0.0,0.0,0.069551376,0.01247728,0.0,0.0,0.179577998,0.0,2.734950482,0.43279906,0.0,0.044266985,0.079653217,0.0,0.0,0.033090979,0.03196751,0.0,0.0,0.047743404,0.049405655,0.331286885,0.009938915,0.026887008,0.029369965,0.0,0.0,0.713945185,0.018188947,0.0,0.0,0.005201823,0.0,0.041064463,0.0,0.0,2.5,2.2,2.0,1.6,2.3,0.9,4.6
0.003669097,0.041632857,0.0,0.021744597,0.717160003,0.068611222,0.175437953,0.02452378,0.098547902,0.038209608,0.001383078,1.304321623,0.001430758,0.007184587,0.341480745,0.006737079,1.086891149,0.005587976,0.005918152,0.010432841,0.027896959,0.077172297,0.01389299,0.070515886,0.11600762,0.000604236,0.069690414,0.319528644,0.204280199,0.003357374,0.006524434,0.114062737,0.106502786,0.008070106,0.168527139,0.006347207,2.549974962,0.001707517,0.0035511,0.114490679,0.00789492,0.005513312,0.436194165,0.051363278,0.0,0.162491373,0.003504625,0.064167029,0.00923815,0.005759201,8.46117e-05,0.001913344,0.034931249,0.002609002,0.0,0.001739322,0.056149324,9.35943e-05,0.768149659,1.052381936,0.0,0.020253216,0.032338465,0.004328548,0.001192653,0.018654414,0.00624994,0.0,0.004891895,0.017742896,0.070245337,0.139906052,0.004367389,0.013034995,0.005049341,0.001821963,0.0,0.454903329,0.05532802,0.005375684,0.002317839,0.004170534,0.001677192,0.003123219,0.027064079,0.006418904,2.0,2.0,2.5,2.8,1.8,0.8,3.9
0.909115984,0.380821693,0.0,0.127480243,4.671900928,2.263753963,0.375772818,0.065303597,0.023563031,0.026891546,0.000261049,26.93915975,0.012297948,0.022949449,0.181573768,0.026088975,0.756495382,0.025031949,0.025181053,0.09235411,0.124985843,0.236448803,0.021912226,0.204834974,0.369214641,0.000155765,3.275200637,1.758763818,0.329975467,0.009930276,0.044843877,0.157225921,0.223447981,0.050080313,0.853795918,0.014662505,1.841872539,0.005540147,0.007670389,0.124560673,0.01163739,0.015457978,1.464063539,0.171070526,0.0,1.446711408,0.007225852,0.146752702,0.014140206,0.058876728,0.000878722,0.008225629,0.11595195,0.012800818,0.0,0.142223017,0.183771861,0.000431868,7.245885569,0.284545555,0.0,0.063035361,0.169880986,0.0093651,0.639575154,0.058765414,0.02991733,0.0,0.028959359,0.139505498,0.207766785,0.84451405,0.009686156,0.039713668,2.117583334,0.005803782,0.0,1.017091538,0.008749998,0.017374493,0.007201043,0.018714465,0.005706695,0.603067178,0.026652946,0.014925147,3.4,3.1,1.9,1.6,2.2,1.2,5.9
1.198059208,0.379997535,0.0,0.100907481,2.129030669,1.389771139,0.56930556,0.157600997,0.181787449,0.058772977,0.01097166,21.56989418,0.008464307,0.019715603,0.170947362,0.00304163,0.337311764,0.005065394,0.025266239,0.020120969,0.131494294,0.162138238,0.008181914,0.203265644,0.207384517,0.0,0.324926194,1.362395655,0.252168865,0.000694642,0.02256919,0.106899775,0.235007916,0.008879841,0.177100842,0.012526162,1.956391411,0.006078231,0.027128967,0.067952288,0.028238989,0.011823874,1.041278161,0.117221938,0.0,1.043343706,0.125764765,0.064664584,0.019666655,0.014688137,0.0,0.004802197,0.107966049,0.310658043,0.0,0.074410727,0.172505383,0.00220676,3.995262591,0.404581644,0.0,0.066317609,0.141296004,0.008461859,0.351879705,0.0451229,0.03729374,0.0,0.029815506,0.174266271,0.171970321,0.499855807,0.013316333,0.060203391,2.047887234,0.004885239,0.0,1.038871319,0.009537886,0.0,0.0,0.014932401,0.008259963,0.614146912,0.094152309,0.086156605,2.8,2.5,1.9,2.0,2.3,1.1,5.4
0.779300703,0.188775252,0.0,0.572996013,2.004093643,0.419328367,0.375637354,0.115481991,0.060397395,0.053950422,0.041290872,27.29568781,0.010064075,0.020903693,0.178515455,0.006819418,0.567294232,0.007798846,0.015638947,0.032483734,0.174662489,0.103481323,0.00922542,0.058124294,0.180776572,0.0,1.154474909,1.683273335,0.325326735,0.001866484,0.01420936,0.07330659,0.303855198,0.081831717,0.316423917,0.016450598,1.766942128,0.005635967,0.026462606,0.068964594,0.010324099,0.011823686,1.358464149,0.158992106,0.0,0.896260524,0.012800496,0.113307366,0.018623911,0.042972394,0.0,0.006132927,0.111495901,0.029783847,0.0,0.106746943,0.200006148,0.0,3.852758422,0.693822728,0.0,0.089528157,0.117592371,0.013604234,0.588557823,0.068800067,0.045412104,0.000714672,0.033030063,0.060117028,0.232049783,0.321643486,0.023728145,0.065286709,2.77177866,0.010811754,0.0,0.81975507,0.065650087,0.015709336,0.016741356,0.023354564,0.006665106,0.9294563,0.092290207,0.086949922,2.7,2.5,2.3,2.2,2.5,1.2,4.5
0.877558517,0.45931894,0.0,0.284400651,1.438136981,0.445559279,0.338627807,0.125337694,0.071935153,0.049446331,0.054217509,22.52648294,0.011483443,0.018271244,0.177071988,0.004935947,0.354197832,0.004750745,0.018662599,0.019995784,0.142198723,0.116377474,0.012422311,0.049079547,0.163665615,0.0,0.381060804,1.509720689,0.293316765,0.001155553,0.015229416,0.077838947,0.252338801,0.032493119,0.131686449,0.013432731,2.648337399,0.005237139,0.017300085,0.05889492,0.009558006,0.010446623,1.233839686,0.133782624,0.0,0.630968798,0.008588593,0.067379668,0.008683532,0.018111885,0.0,0.005788582,0.060284487,0.016402708,0.0,0.070273254,0.167524194,0.0,1.939296576,0.325671022,0.0,0.058065905,0.061918607,0.005687995,0.339167001,0.045287248,0.030645223,0.0,0.022249372,0.017588497,0.224831699,0.200428812,0.006968524,0.028091842,1.993783256,0.008692928,0.0,0.39498345,0.034994474,0.007389711,0.005406029,0.014685015,0.008878362,0.651934719,0.049043584,0.035776446,2.3,2.0,2.2,2.0,1.8,1.1,4.3
2.475967782,0.841904274,0.0,0.071614331,3.185061523,0.065675699,0.128094552,0.092390096,0.121522092,0.036348304,0.008316554,39.70612631,0.017265951,0.012959137,0.190408046,0.003610703,0.452785815,0.012601747,0.018594281,0.031922589,0.200057336,0.101869334,0.007194143,0.064188753,0.143858747,0.0,2.452561053,2.829816157,0.271170234,0.001028181,0.00674462,0.081056623,0.306742457,0.030780459,0.36052761,0.015988442,1.488105776,0.006695471,0.012814456,0.053424691,0.009866261,0.024619991,2.282516641,0.254251127,0.0,0.508637682,0.010043511,0.070201977,0.014685797,0.012558992,0.0,0.009272119,0.052467343,0.019153437,0.0,0.043482401,0.297502086,0.000849651,1.942219887,0.565838187,0.0,0.067395298,0.053317918,0.009381237,0.277159184,0.053000892,0.061747962,0.000457209,0.036596545,0.02399009,0.211728658,0.1660121,0.008698873,0.024486726,1.824221114,0.009060913,0.0,0.374271398,0.021051838,0.007464443,0.00722071,0.011599591,0.009131701,0.639361886,0.041937291,0.029484406,3.0,2.4,2.0,2.2,2.4,0.7,4.5
0.944194215,0.468678979,0.0,0.01316784,1.813841797,0.592205308,0.272635734,0.0767368,0.102156693,0.013552841,0.030893,18.50751009,0.005177584,0.004408939,0.191086307,0.003010665,0.410857496,0.004926472,0.010658918,0.019237271,0.125478836,0.09950344,0.009551491,0.107169133,0.176907785,0.00028821,1.020660277,1.15868857,0.215474043,0.000994069,0.008162101,0.055188333,0.277696644,0.053731364,0.1710583,0.010023526,1.711325448,0.004545768,0.008295961,0.048356433,0.003768527,0.008122841,0.927541698,0.092594575,0.0,0.535858973,0.008305767,0.057632314,0.019782391,0.013781593,0.0,0.002478402,0.048343763,0.015272561,0.0,0.042707505,0.107014987,0.000811022,2.048502157,0.507804235,0.0,0.043429899,0.04977598,0.005188212,0.209072746,0.037986641,0.014934478,0.0,0.02463589,0.017159913,0.096631175,0.175020399,0.02490977,0.026683804,1.259580444,0.006216832,0.0,0.253987423,0.023292485,0.004905356,0.00387949,0.007455455,0.0066431,0.397249431,0.024493357,0.025525784,2.5,2.4,2.0,1.8,2.6,1.1,5.5
1.064170965,0.154187448,0.0,0.024807943,1.038763363,0.302673244,1.225463874,0.138579527,0.222723443,0.061325449,0.0,19.07735398,0.000810345,0.027910631,0.17697472,9.099880684,0.773021844,0.032529806,0.037733226,0.096825658,0.115104579,0.443139961,0.036430106,0.151233329,0.449234231,0.0,0.255298677,1.157369552,1.196137824,0.004707141,0.050838945,0.156490374,0.284430362,0.060623398,0.288746612,0.009525672,1.902979519,0.00895015,0.009926247,0.165947848,0.009340272,0.010076236,0.849271616,0.081456784,0.0,0.922456261,0.007977425,0.086357411,0.017178759,0.012326053,0.0002336,0.008186217,0.10461109,0.016184746,0.0,0.072996022,0.107685304,0.000376841,3.515050395,0.515587582,0.0,0.05347847,0.114570191,0.007475936,0.369315614,0.03995699,0.025413862,0.000445106,0.036714109,0.061740727,0.111188025,0.390327042,0.014607127,0.024832948,1.926076673,0.008366435,0.0,0.595301643,0.017535365,0.010530371,0.009035316,0.017846219,0.009745901,1.789937683,0.038459104,0.027709179,1.9,1.7,2.4,2.6,2.5,1.4,3.3
0.221694144,0.211960108,0.0,0.482930342,1.346336134,1.066853867,0.898170924,0.092683294,0.075847207,0.037120421,0.011596952,21.24145683,0.009379708,0.008231902,0.248667218,8.350436277,0.24325406,0.00524103,0.001694078,0.094429029,0.160716286,0.218634605,0.00951522,0.197844608,0.411866551,0.000633105,0.261862977,1.480109696,0.433571306,0.004676151,0.024610862,0.093668126,0.362768119,0.03784478,0.244641229,0.010263258,2.180188646,0.006852409,0.011389121,0.086324672,0.012433707,0.011095986,1.032544342,0.116882282,0.0,0.999732002,0.008434941,0.134602589,0.012694916,0.021105906,0.000945282,0.008493532,0.114154435,0.014828562,0.0,0.119336445,0.129174785,0.0,3.487312015,0.351330537,0.0,0.061829376,0.106445733,0.00626906,0.597026392,0.100753089,0.02717827,0.000402408,0.043958772,0.055912877,0.180736342,0.42937457,0.027128841,0.03349265,2.583546067,0.007823727,0.0,0.436045366,1.337594393,0.004984454,0.003555717,0.022569025,0.009461382,1.688018053,0.026923865,0.021181005,2.7,2.1,2.4,2.5,2.0,1.4,4.0
0.056442161,0.205040578,0.0,3.13079232,1.564311124,1.002771634,0.701289212,0.65094141,0.200817025,1.479922829,0.031446033,13.17558708,0.004651175,0.26989193,0.207644641,0.060756092,7.175808386,0.134329744,0.043048191,0.020088126,0.090143264,0.514929426,0.034154941,0.192475739,0.69365569,0.003051861,0.34708291,1.197644907,3.516996004,0.01155544,0.086945257,0.134709329,0.386892959,0.132025403,2.528283856,0.009174615,6.069064202,0.011377623,0.015179665,0.281011515,0.010230107,0.010201175,1.185662619,0.153388664,0.0,1.826905489,0.011486827,1.145324845,0.012191062,0.015949447,0.0009373,0.015518062,0.133480748,0.068085546,0.0,0.092445684,0.203143322,0.000493628,8.142157702,1.505754761,0.0,0.082432044,0.226251138,0.01467883,0.430346464,0.079998148,0.048607021,0.00184234,0.060916932,0.193503652,0.17460679,1.070840517,0.033176604,0.065564528,2.107135606,2.256649794,0.0,1.087669171,0.200994905,0.022986596,0.008550439,0.018692597,0.011343127,0.69818877,0.106875296,0.055756284,3.0,2.7,2.2,2.6,3.5,1.1,5.0
0.225908479,0.760053152,0.0,13.25863322,1.687323553,0.18779323,0.429149966,0.07735687,0.009111124,0.268582828,0.0,35.82458865,0.020360656,0.051555777,0.199870258,0.01473733,3.07070306,0.020648392,0.005175558,0.024439231,0.212127776,0.318319369,0.010060088,0.160370334,0.361128342,0.001976632,0.496618214,3.040337899,2.849487021,0.003344611,0.015812151,0.118568844,0.366906184,0.045633225,0.583647501,0.018680666,5.141627672,0.006112232,0.01125141,0.313922115,0.007764641,0.028637005,2.44602075,0.299857949,0.0,0.850266708,0.009468039,0.36307192,0.015484381,0.020000615,0.0,0.005617132,0.074568791,0.040626273,0.0,0.112867877,0.333413111,0.001376124,3.865054941,0.333476175,0.0,0.057264361,0.099006373,0.008248482,0.549845256,0.076331391,0.065412411,0.000571377,0.036938868,0.075738892,0.176398816,0.459011877,0.023031281,0.039880594,2.373525311,0.018712834,0.0,0.715077988,0.538272937,0.012278163,0.005867998,0.017376559,0.009709761,0.670193464,0.050940593,0.028777804,2.9,2.6,2.6,2.3,2.9,0.9,5.4
0.040505156,0.258052536,0.0,4.670937201,1.255714008,0.092086716,0.479724386,0.132713805,0.016727016,2.659027509,0.186047885,13.94171587,0.002855072,0.029755701,0.195059422,0.047382796,10.54069986,0.039720507,0.01626345,0.023514988,0.115491421,0.453208243,0.0177838,0.054394329,0.651919942,0.002667732,0.352357582,1.441995819,3.13196055,0.006827421,0.042542221,0.108386031,0.348977916,0.002143198,6.590687923,0.014539874,6.664467971,0.007536134,0.011586887,0.295383805,0.002262256,0.018555577,1.518364588,0.180360757,0.0,0.472817039,0.009045492,1.445091149,0.014989052,0.017104968,0.0,0.00718804,0.052584682,0.038073581,0.0,0.055377862,0.174296459,0.000666612,1.772702869,0.495022165,0.0,0.043116711,0.046519361,0.012444282,0.26470341,0.079904355,0.020482805,0.0,0.024817071,0.01337364,0.054500254,0.168093846,0.022656327,0.022588102,1.201228922,0.010189168,0.0,0.212763217,0.160734745,0.003799957,0.003968076,0.016357632,0.005890138,0.354848643,0.020266615,0.014315057,2.6,2.6,2.7,2.5,2.8,1.2,4.5
0.203789389,0.477644145,0.0,13.001196,1.293724933,0.105865411,0.447436726,0.075563411,0.050638974,0.028601979,0.030217023,19.44940363,0.008216904,0.034449075,0.172465522,0.009520677,0.112564071,0.012738643,0.009801427,0.029041405,0.10686567,0.093065821,0.033313679,0.065858783,0.532885099,0.000438163,0.407497196,1.291587501,0.34371018,0.002911733,0.018301147,0.122093121,0.304788384,0.05968009,0.177671371,0.009169972,2.171004826,0.004274116,0.013822929,0.123396055,0.01808364,0.010211836,1.074440672,0.119881556,0.0,2.840467332,0.00758132,0.072380969,0.012440341,0.012624647,0.0,0.011982547,0.154475294,0.015177305,0.0,0.104101706,0.168762371,0.000650422,14.32797657,0.609926423,0.0,0.074595309,0.298458676,0.008365453,0.453055484,0.074307775,0.045444738,0.000678332,0.061999474,0.32660971,0.06200897,1.606755512,0.031468113,0.075936724,2.044368275,1.681454541,0.0,2.261251504,0.422936789,0.04407633,0.007105796,0.01864472,0.011406586,0.627731298,0.066049336,0.028054862,3.5,2.5,1.9,2.0,3.4,1.3,6.2
0.045914263,1.01963318,0.0,3.566724207,1.857261987,0.107286102,0.484090974,0.115000215,0.665258761,0.564025091,0.194291006,24.88571742,0.006745314,0.046210875,0.219714114,0.045086117,6.183359155,0.044298285,0.020049247,0.031726291,0.152866534,0.422254862,0.012043127,0.088131739,0.552082796,0.003437643,0.56345816,2.399693332,2.930703343,0.009237873,0.019660206,0.119042154,0.393608892,0.022313983,2.206677543,0.016785793,4.806650358,0.011295013,0.014532086,0.279229935,0.004067281,0.033850044,2.60791899,0.301153697,0.0,1.313988647,0.009183772,0.893743712,0.02317213,0.012666689,0.0,0.006659748,0.094517986,0.059818486,0.0,0.11425641,0.405374552,0.000929495,5.976816909,0.528199219,0.0,0.0723818,0.12579502,0.015400145,0.585275001,0.084691039,0.075525918,0.000670336,0.036457627,0.113701235,0.177245599,0.682400714,0.045952935,0.043166634,2.602242491,0.024432172,0.0,0.874425467,0.279744851,0.012726525,0.011302159,0.020977956,0.009618388,0.72310326,0.031173151,0.01666365,2.6,2.7,1.8,2.7,2.5,1.1,5.4
0.019828744,0.6510585,0.0,0.017798969,5.840196051,0.150357088,0.19969108,0.097727552,0.068673005,0.042378118,0.015385866,25.84786984,0.011270321,0.010696192,0.178220606,0.008576222,0.317779218,0.007631009,0.009710466,0.034998845,0.17096523,0.09703747,0.003334744,0.171114617,0.252252401,0.0,2.141950197,1.528648513,0.230454443,0.00281766,0.015847579,0.071863562,0.276685666,0.029470846,0.157300953,0.013033254,1.261024835,0.004561712,0.010524218,0.036693135,0.005934018,0.01433273,1.097511158,0.117044578,0.0,0.558069388,0.006974192,0.062041909,0.020927176,0.014175348,0.0,0.00534184,0.060201464,0.011191592,0.0,0.02514162,0.113637813,0.00094352,1.83971501,0.363566244,0.0,0.053351928,0.054759694,0.00603779,0.202706931,0.045865192,0.015348852,0.001052997,0.031157966,0.010150888,0.935862804,0.16475106,0.016097946,0.024696002,1.124320592,0.011057333,0.0,0.153542651,0.018030539,0.002123426,0.006386009,0.018823929,0.007607824,0.428410035,0.014781486,0.010072839,2.4,2.6,2.3,2.4,2.2,0.7,4.9
0.004291087,0.505086563,0.0,0.021300886,3.077802953,0.028360532,0.057048541,0.018454071,0.021994452,0.014011717,0.013841889,25.54536033,0.0,0.001324356,0.188461122,0.00881289,0.406387479,0.005258375,0.008907924,0.018347862,0.175540452,0.064099733,0.005304471,0.096743195,0.152307165,0.0,1.521334586,1.59347283,0.120204132,0.001029036,0.017935317,0.040582215,0.2133098,0.046390574,0.070972539,0.012276935,1.461536044,0.005378379,0.012700027,0.030440487,0.01004765,0.011993589,1.254099965,0.0,0.0,0.724883488,0.006719005,0.05523844,0.007272753,0.012738389,0.0,0.0069762,0.075267952,0.012100283,0.0,0.009822339,0.161501435,0.000752933,2.920788351,0.737380765,0.0,0.0521629,0.088149176,0.007402178,0.092349902,0.053976211,0.028143354,0.000419981,0.023970066,0.036229871,0.173817083,0.246658825,0.014720833,0.026385228,0.689579136,0.008197031,0.0,0.166800544,0.007733221,0.005390008,0.004398481,0.013169262,0.010434118,0.316493477,0.018516249,0.01220568,2.4,2.4,2.3,1.6,2.2,0.6,4.7
0.384687167,0.692544386,0.0,0.015661172,2.112788338,0.475828326,0.071591698,0.089781264,0.103094551,0.029381094,0.014884155,32.61553812,0.002386711,0.011601706,0.176824181,0.007371831,0.413812044,0.010251623,0.017202097,0.02703626,0.148284355,0.05807641,0.007160419,0.085140217,0.097255198,0.000217481,0.987850395,2.078648777,0.119732771,0.000727202,0.024949608,0.055619845,0.189660953,0.15473337,0.29228785,0.012407263,0.993165696,0.004256058,0.015692632,0.022918813,0.013424977,0.018089353,1.675131502,0.0,0.0,0.727032609,0.012947271,0.050906448,0.007855636,0.012903813,0.0,0.004499938,0.067651684,0.047898198,0.0,0.012287203,0.202431898,0.000573452,1.875994775,0.637484595,0.0,0.065756355,0.069685091,0.007273171,0.09942048,0.036914846,0.041885129,0.00359352,0.023313869,0.038666535,0.159044795,0.230735844,0.011989645,0.027169745,0.787064153,0.006779558,0.0,0.423277573,0.010443779,0.008114408,0.004127601,0.013262035,0.008331758,0.295215934,0.027669791,0.018316361,2.1,2.3,1.7,1.6,2.2,0.5,4.9
0.515435096,1.190842766,0.0,0.022745484,2.424651463,0.712614446,0.129680007,0.068925879,0.109169038,0.072658469,0.0,45.85598881,0.0,0.011339806,0.168828874,0.009848187,0.277735677,0.018065198,0.014450584,0.053674552,0.284272884,0.067446449,0.008826725,0.100914856,0.152360735,0.0,0.407448211,2.51597269,0.141788817,0.002732442,0.028977562,0.066566974,0.121514524,0.18248598,0.075339573,0.023050436,3.192111035,0.004390812,0.022689422,0.038712561,0.009328443,0.022965265,2.050421223,0.0,0.0,1.33858456,0.014367233,0.059587801,0.029670247,0.019993027,0.0,0.003156517,0.118020903,0.083886191,0.0,0.013907662,0.260452166,0.000839815,4.923187608,2.908649541,0.0,0.078612843,0.151854358,0.006698825,0.028040863,0.042577106,0.053874646,0.003961225,0.032789408,0.078034084,0.200070281,0.447385783,0.007028143,0.033232551,0.318684615,0.006018096,0.0,0.593713141,0.029242949,0.011643363,0.009450506,0.015924432,0.011145617,0.245942257,0.042343514,0.018749707,2.6,2.6,2.0,1.6,2.8,0.7,5.6
0.466858264,0.580527446,0.0,0.020961379,1.859564783,0.23697243,0.240194992,0.03033485,0.070046296,0.040798482,0.007070973,27.66252255,0.0,0.00365764,0.180741686,0.008800497,0.785273424,0.014838214,0.018150556,0.021130476,0.194828017,0.10189737,0.004723665,0.231985227,0.27074215,0.0,0.593492353,1.652832316,0.182313484,0.000771651,0.041614154,0.075735486,0.31996326,0.03477479,0.170152214,0.01625052,2.974406957,0.004699721,0.0179161,0.048209465,0.009041407,0.014107802,1.343344181,0.03690144,0.0,1.747857527,0.007781199,0.07558276,0.018835758,0.018542184,0.0,0.003340789,0.140573797,0.026510766,0.0,0.061169643,0.161239564,0.000843749,7.861984513,0.469375797,0.0,0.070019856,0.199807665,0.006010821,0.307789186,0.037662405,0.028194341,0.000872835,0.033348815,0.114437003,0.197679946,0.670759134,0.00456244,0.032008523,1.254867943,0.006825874,0.0,0.81765272,0.014107484,0.01505901,0.007143345,0.023320089,0.012257504,0.434184975,0.042737895,0.025553174,2.6,2.6,2.1,1.8,2.6,1.0,4.8
0.357894258,0.235609807,0.0,0.022714336,2.218108645,0.150778825,0.213549471,0.097924843,0.033110105,0.037437427,0.074283138,17.28070614,0.0,0.016239376,0.175723989,0.006473089,0.18528647,0.010650072,0.003550864,0.0,0.104862007,0.04859973,0.014746614,0.206531916,0.150684816,0.0,0.710231669,0.967849522,0.108343712,0.002327238,0.027300408,0.049132317,0.164757257,0.100965081,0.101873023,0.011610591,1.259900617,0.004174241,0.014650752,0.033383992,0.022979223,0.008784013,0.849510607,0.002702361,0.0,1.276867623,0.010168315,0.052071061,0.018160456,0.012563946,0.0,0.003831534,0.106294318,0.028488693,0.0,0.034356883,0.087356366,0.000715388,4.656977754,0.835066599,0.0,0.082512856,0.184840945,0.007353741,0.191563884,0.034899024,0.024145526,0.003351933,0.174630053,0.156342314,0.142492041,0.834401273,0.013411646,0.038379263,0.996973186,0.005399079,0.0,0.642285993,0.007641298,0.012209203,0.008989401,0.016681014,0.010879229,0.406368197,0.037072664,0.01985677,2.9,2.5,1.5,1.7,1.7,0.8,4.8
0.341036611,0.649714941,0.0,0.018152935,2.903905671,0.575366496,0.214112998,0.053764055,0.118844262,0.039650606,0.00528507,26.62159053,0.006156758,0.011782634,0.170353792,0.0108955,0.931251886,0.01077851,0.013241227,0.021956213,0.119313151,0.068290711,0.010448209,0.716835484,0.107270383,0.0,0.646648013,1.358158944,0.120858315,0.001645504,0.00803481,0.040699833,0.250746859,0.0360524,0.094154324,0.009404848,1.109708967,0.003289516,0.00756704,0.023487323,0.007475071,0.007807354,1.081361415,0.098253742,0.0,0.707770614,0.006554584,0.046001841,0.020332258,0.01235664,0.0,0.004380897,0.057132971,0.007068298,0.0,0.014518012,0.125549536,0.000943857,2.656468608,1.335109668,0.0,0.056006481,0.061400147,0.005772433,0.116726545,0.030928486,0.022380399,0.0,0.023840643,0.027024198,0.197747684,0.238403078,0.015290649,0.020946249,0.743781932,0.005409828,0.0,0.275325969,0.006463469,0.00572031,0.007219377,0.017132777,0.007444697,0.343605987,0.016508814,0.012712126,2.4,2.4,2.5,2.1,2.3,0.9,4.8
0.163465661,0.862650299,0.0,0.017409024,1.906031785,0.369331011,0.305311721,0.045885848,0.059860879,0.031597781,0.00541575,39.49581088,0.0,0.002828951,0.178296108,0.010375468,0.706346456,0.010766117,0.009717664,0.039053743,0.158776143,0.084622644,0.002402849,0.180260408,0.201773976,0.0,0.241937091,2.0426037,0.153426526,0.001697287,0.015382511,0.073649797,0.153608714,0.012406498,0.151266696,0.014860447,1.891793653,0.005087139,0.01518424,0.047117485,0.011270942,0.017144416,1.757822181,0.0,0.0,1.282252413,0.006432935,0.058653392,0.014603483,0.016182224,0.0,0.005011928,0.098489385,0.041901404,0.0,0.081675976,0.210426757,0.00134035,4.385603965,0.469592825,0.0,0.070947255,0.115179685,0.008925457,0.396325914,0.035648989,0.039963776,0.000894985,0.026765526,0.074673182,0.120452764,0.391676787,0.01056274,0.027812835,1.489708077,0.005467253,0.0,0.669856923,0.006746996,0.014339727,0.006628484,0.008366054,0.007032583,0.476711644,0.048723786,0.019568844,2.0,2.1,2.2,1.9,2.0,1.2,4.2
0.389714742,0.709455412,0.0,0.017603377,1.746477483,0.476232528,0.468857226,0.070505166,0.014143608,0.054442712,0.010406649,28.32259472,0.0,0.017844566,0.163290297,0.012691384,0.551885063,0.014485747,0.006025942,0.027595083,0.113082068,0.099856681,0.010271996,0.191766735,0.284381659,0.0,0.182505321,1.405102512,0.152432673,0.001977985,0.02128784,0.128379198,0.123060363,0.008366635,0.15155449,0.011196352,2.494033661,0.005137016,0.010371828,0.064650056,0.021347874,0.012386622,1.223896108,0.036372515,0.0,1.305917093,0.006676804,0.069103172,0.014232218,0.019468133,0.0,0.005978821,0.089356386,0.013328165,0.0,0.024993554,0.129082063,0.001341058,4.375540146,0.818105503,0.0,0.069754261,0.091490497,0.008341008,0.155143622,0.034744735,0.017949496,0.000425968,0.024131356,0.057058618,0.192661665,0.447718852,0.008753753,0.018298434,0.885876794,0.00513095,0.0,0.458976562,0.011113796,0.009494558,0.004745723,0.013687026,0.004950578,0.315282539,0.026829619,0.013227416,2.1,2.3,1.9,1.9,2.6,0.9,4.6
0.008647645,0.04624803,0.0,0.357118816,3.813443645,0.660315377,1.65337434,0.804913243,1.886486968,0.136046173,1.806475046,3.930199397,0.0,0.084365315,0.218689617,0.575507655,65.90165576,0.321815951,0.147386875,0.046725387,0.038897879,0.243825056,0.114360176,0.248263419,0.393526632,0.00096478,1.385712449,0.292708602,1.860562238,0.872384695,0.213457166,0.275484939,0.393397892,0.073122843,0.580877643,0.03958355,5.8710888,0.028889266,0.038704079,0.284725636,0.006357349,0.012842402,0.397354912,0.011707364,0.0,13.9638805,0.016420709,1.298681268,0.025792654,0.064675746,0.0,0.011006425,0.750542212,0.020494899,0.0,0.307026394,0.050814643,0.005445799,60.71371923,4.268543565,0.0,0.197311947,1.072770087,0.025210404,0.935075545,0.124871535,0.008534705,0.00132397,0.044865098,1.062773201,0.284674966,5.693406109,0.01752449,0.184897601,4.11009106,0.013790478,0.0,6.2961196,0.001765899,0.045582826,0.020741235,0.026139034,0.012441252,0.812218485,0.354650485,0.191498136,2.6,2.7,2.4,3.3,2.3,1.7,4.2
0.008517431,0.082130567,0.0,0.336504226,0.566981256,0.193598308,0.162625655,0.206387384,1.049359723,0.107185835,0.597008847,0.531335591,0.004290106,0.010566416,0.157463163,0.119596347,0.105904029,0.140048008,0.032223472,0.031665244,0.017796852,0.070190882,0.016413173,0.129132794,0.878260533,0.000432605,0.061404104,0.02779962,0.413612866,0.045193996,0.028087153,0.099619466,0.361516545,0.040970087,0.25673309,0.00841029,0.290015076,0.006120381,0.014106326,0.151355338,0.005491575,0.005053056,0.029739289,0.005395957,0.0,1.766423867,0.010403226,0.642182491,0.020185613,0.023743926,0.0,0.007074355,0.137262603,0.016703432,0.0,0.078731119,0.007373115,0.001994992,7.139172142,1.346096967,0.0,0.110614081,0.199714065,0.009918966,0.27484604,0.06536589,0.009115632,0.0,0.019318536,0.13099457,0.211113869,0.732006431,0.013653837,0.071710574,0.945852267,0.007971983,0.0,1.13537668,0.001559967,0.022072381,0.014510671,0.017436043,0.005856752,0.278930751,0.168383284,0.144890908,2.5,2.3,2.7,2.7,2.2,0.8,4.4
0.005484939,0.123869936,0.0,0.731598382,0.407078845,0.317151121,0.435182544,0.202830439,0.798490997,0.260744302,1.015841695,14.48348249,0.0,0.034156658,0.187118768,0.277896634,46.57678888,0.089581892,0.034617771,0.058445146,0.085901244,0.154762061,0.077754106,0.141650065,1.35966533,0.000323194,0.10898246,0.953072353,0.02193427,0.171555858,0.098263444,0.213698358,0.258591294,0.021589632,0.406935344,0.008304586,0.284072499,0.014515333,0.023483866,0.248046508,0.003528589,0.020267586,0.963429522,0.007085149,0.0,3.244632403,0.020039928,0.879166228,0.0176064,0.02165217,0.0,0.007200683,0.229320895,0.065339863,0.0,0.153323209,0.139812214,0.002759461,14.92097462,0.97245167,0.0,0.128386011,0.464190572,0.014439825,0.54766298,0.073476209,0.027911364,0.001897558,0.017606342,0.415016399,0.130835221,1.970262936,0.016834957,0.126970881,2.278042902,0.009229152,0.0,3.955870474,0.000984627,0.071913584,0.023550342,0.027509206,0.003858953,0.548055101,0.539475094,0.309154378,2.5,2.3,2.6,2.8,2.4,1.2,4.6
0.009758943,0.068797995,0.0,0.177932432,3.851542494,0.479199137,1.021960657,0.041714967,0.190024518,0.064265973,0.467882034,10.07414846,0.001746064,0.005507969,0.16363423,0.083520546,60.49242968,0.010246564,0.021841227,0.051870604,0.069395826,0.273250375,0.006875724,0.28565862,0.379667569,0.00035777,2.275302738,0.559838422,0.698695998,0.033356359,0.034373406,0.117185661,0.108008589,0.022768001,0.250514788,0.013009743,4.822183049,0.00556982,0.018917084,0.10734262,0.003009904,0.006658755,0.45202664,0.002779101,0.0,1.018779697,0.010652162,0.80917787,0.015806527,0.02001042,0.000365791,0.006098308,0.113425231,0.01686877,0.0,0.042250331,0.024358517,0.001602586,4.120769651,1.173872151,0.0,0.091637711,0.096922118,0.009675874,0.141690057,0.0627299,0.016523246,0.000723192,0.00333921,0.030854486,0.059375498,0.308241784,0.019003894,0.020439549,0.510867453,0.006468307,0.0,0.897334831,0.000895918,0.007445566,0.01197357,0.021371128,0.002816805,0.14686723,0.09536061,0.067474927,2.8,2.7,2.0,1.6,2.4,1.1,6.0
0.004930321,0.074738915,0.0,0.30657709,3.536651624,0.618673375,0.568462781,0.224621549,0.641890231,0.698715234,0.30728517,2.524828043,0.0,0.025170889,0.160934125,0.081351976,27.34047093,0.036965385,0.011784003,0.02656266,0.01796506,0.195067228,0.011380538,0.151046366,0.187518355,0.0,2.644733738,0.126084957,0.346536556,0.026688718,0.040463503,0.073956066,0.249266347,0.069402198,0.240248944,0.00263586,1.441475397,0.00338839,0.018779559,0.090742137,0.000536638,0.0,0.114432867,0.001197036,0.0,2.142789027,0.008801713,0.351280391,0.016038955,0.016735917,0.0,0.003828668,0.159337156,0.012111346,0.0,0.086514179,0.006339951,0.0,8.680950755,1.019504044,0.0,0.10947611,0.166381452,0.005942578,0.262299395,0.072743141,0.0,0.0,0.011746373,0.091541519,0.081493778,0.676656165,0.020430614,0.055262364,1.056855723,0.0,0.0,0.918738104,0.041812991,0.016945319,0.000860954,0.020387841,0.000452682,0.245534103,0.120342071,0.11334821,2.3,2.5,1.8,2.2,2.3,1.1,5.0
0.001214276,0.133816534,0.0,0.013331263,3.559914279,0.074646492,0.186546338,0.0,0.007936849,0.005440001,0.012576052,2.200039903,0.0,0.000331854,0.153167537,0.026638151,0.104905687,0.0,0.0,0.035349867,0.014758608,0.146292126,0.066440173,0.151585136,0.18086562,0.0,2.922125628,0.143146946,0.232680592,0.002564575,0.022265499,0.084963474,0.185372789,0.001888582,0.19890016,0.003895065,0.600314116,0.004475237,0.020293792,0.092301588,0.0,0.0,0.110786893,0.000867232,0.0,1.792912192,0.000311538,0.076189321,0.013061856,0.034492947,0.0,0.0,0.138555119,0.052181794,0.0,0.069187846,0.007948531,0.0,6.597317138,1.122204057,0.0,0.140900175,0.158312134,0.007134524,0.199747711,0.069128511,0.003195108,0.0,0.008376639,0.103612166,0.087406663,0.623998657,0.010772972,0.052828142,0.883619118,0.005865734,0.0,1.285706774,0.027244218,0.025283221,0.0,0.025174552,0.0,0.236603628,0.135727187,0.150962345,3.0,3.1,1.8,1.6,3.3,0.9,6.6
0.002209774,0.160339609,0.0,0.022517,0.021818766,0.145939885,0.230488944,0.0,0.012575189,0.037800595,0.014088942,20.56142253,0.0,0.034935668,0.155270704,0.028133973,0.187174107,0.0,0.0,0.048279793,0.11917764,0.12376565,0.043478876,0.09891651,1.168995551,0.0,0.003974837,1.063456419,0.173506362,0.002603399,0.023225843,0.101346502,0.366880629,0.124194258,0.187835539,0.010645247,0.218012004,0.005280328,0.020447444,0.18389834,0.022976655,0.006725133,0.794105753,0.010592155,0.0,1.604864823,0.014549305,0.104195727,0.016067959,0.029811764,0.0,0.0,0.155620899,0.027320357,0.0,0.073564483,0.062050853,0.0,5.813550509,1.306381172,0.0,0.137475917,0.188602319,0.01095348,0.263505586,0.066042093,0.020197526,0.0,0.016528796,0.095961479,0.111422402,0.575710822,0.004935777,0.051317678,1.070606816,0.00866401,0.0,1.406372834,0.02552701,0.019540239,0.001173321,0.014718484,0.008223677,0.314497205,0.186587701,0.109021964,3.0,3.3,2.9,3.0,3.1,1.0,5.5
0.012663325,0.165818774,0.033735076,0.030097224,0.041034561,0.136498039,0.163249906,0.007052843,0.029298441,0.005692619,0.044508939,20.58801383,0.0,0.043006693,0.154598353,0.039336542,0.161845431,0.0,0.0,0.143754721,0.099950104,0.091979029,0.056516775,0.20691479,1.312084306,0.0,0.017319878,1.070930522,0.143229058,0.0,0.022913123,0.145764998,0.642686087,0.053255916,0.140252664,0.005551249,0.310282756,0.006909848,0.027363689,0.259877138,0.028788586,0.0,0.816360983,0.014946659,0.0,2.599159432,0.020719809,0.128481093,0.021034331,0.034105925,0.0,0.0,0.207206333,0.053165308,0.0,0.080068968,0.080625286,0.0,9.072778483,1.831191688,0.0,0.183105999,0.270087994,0.0160168,0.269132949,0.083417672,0.031294935,0.004934105,0.0,0.1932656,0.261500815,1.00769827,0.019678813,0.080971179,0.9815161,0.00841448,0.0,2.069003528,0.035407224,0.038577737,0.01139103,0.014238209,0.007086967,0.249304713,0.255588054,0.21849575,3.0,3.9,2.5,2.7,3.1,1.0,5.8
0.005786229,0.180247549,0.0,0.023491399,4.554842831,0.32312814,0.716868728,0.027732598,0.016338965,0.008370404,0.019026308,23.5257058,0.0,0.069424161,0.161339016,0.040684234,0.117219398,0.0,0.0,0.035806007,0.158274689,0.269993861,0.127694856,0.142504539,0.673965925,0.0,4.429026189,1.120727431,0.142195068,0.002709836,0.041271764,0.178476739,0.079609399,0.22465499,0.167004934,0.010746611,1.710915095,0.00537372,0.02686308,0.159573494,0.044654836,0.0,0.781890821,0.009350951,0.0,1.200154089,0.026986159,0.129597159,0.0204637,0.029698213,0.0,0.0,0.147419312,0.075418088,0.0,0.073366945,0.072501332,0.0,4.379028864,1.160863426,0.0,0.128678822,0.17731325,0.022691636,0.260952696,0.073066891,0.028632386,0.0,0.015399707,0.084742665,0.222308782,0.471080848,0.019251155,0.072898907,0.839649321,0.007600029,0.0,1.152536434,0.040190174,0.016927103,0.0,0.016185211,0.009087479,0.278706845,0.160114467,0.136332929,3.1,2.8,2.2,2.3,2.7,1.1,5.7
0.007618253,0.538045275,0.0,0.032019531,4.856570388,0.042853966,1.156757599,0.004218758,0.028259915,0.036363563,0.018327622,3.754743072,0.0,0.0,0.14152911,0.066362038,0.174307614,0.0,0.0,0.049884443,0.02157851,0.460777229,0.315720615,0.063298667,0.533746417,0.0,1.8893525,0.166081318,0.303468656,0.003857962,0.127103848,0.39700709,0.224604164,2.007426521,0.3091261,0.00235138,2.091608266,0.018011463,0.079820413,0.193111038,0.0,0.0,0.153076541,0.018618782,0.0,4.866415618,0.223039552,0.207457538,0.014467106,0.047182793,0.0,0.0,0.359843455,0.3320323,0.0,0.174070646,0.023721773,0.0,16.98985745,1.602595425,0.009124292,0.232419437,0.473030696,0.021066613,0.589655637,0.103697266,0.011157452,0.141367256,0.018611588,0.391788784,0.169628208,1.809600044,0.033902593,0.175140447,2.470523906,0.012896742,0.0,3.303088518,0.052917629,0.079262999,0.021441842,0.015271962,0.017837346,0.678156065,0.435282729,0.386819933,2.8,3.1,1.9,2.0,2.9,1.6,6.0
0.003566542,0.215322874,0.0,0.025018762,6.233023916,0.099507885,1.16541587,0.004607751,0.028094739,0.163429216,0.02010418,11.10933355,0.0,0.0,0.148868551,0.031260827,0.189121039,0.0,0.090177597,0.073272986,0.026766756,0.617887684,0.282786546,0.073154222,0.649535713,0.0,2.130773578,0.274116267,0.951396499,0.001991388,0.11622466,0.402610468,0.222008004,0.01740988,0.736720538,0.004589845,1.843805055,0.01555451,0.055193015,0.272772372,0.023837863,0.0,0.268331183,0.030780234,0.0,4.44498503,0.032282432,0.206073806,0.024815504,0.067877516,0.0,0.006858675,0.319149492,0.088660707,0.0,0.137806676,0.032997931,0.0,16.95287554,4.309042354,0.0,0.186615493,0.394406454,0.019315043,0.456346251,0.100709273,0.017334858,0.003629774,0.019379748,0.319602808,0.211218769,1.679666513,0.036990633,0.122704205,2.274048748,0.012009986,0.0,2.749460063,0.053119929,0.052950272,0.01620784,0.010249802,0.015088583,0.581403573,0.311711267,0.27693356,3.4,3.9,1.9,1.8,2.0,1.6,6.1
0.013197573,0.24045444,0.0,0.028234431,7.844519737,0.025716431,2.655519092,0.004977577,0.023347897,0.012237988,0.015267055,29.32850207,0.0,0.017382914,0.169648904,0.076219622,0.151579634,0.010238605,0.0,0.075281528,0.165489141,1.41574417,0.727452568,0.117296775,1.681347321,0.0,3.760285021,1.900563889,0.466840991,0.002419641,0.266820212,1.755532052,0.202079875,0.049916558,0.241283348,0.01613049,4.048762773,0.019487228,0.0214338,0.870357803,0.024119305,0.021071109,1.375386825,0.108415124,0.0,0.819322412,0.015306582,0.242753657,0.019987766,0.020470723,0.0,0.005965528,0.12284888,0.033931436,0.0,0.068533514,0.131140954,0.0,3.021403882,1.968917431,0.0,0.11715929,0.111005555,0.009055438,0.240624117,0.078677216,0.022493022,0.0,0.012879363,0.034788381,0.152601921,0.263275117,0.045819725,0.04992697,1.164573316,0.0,0.0,0.708393268,0.039705711,0.008809724,0.0,0.017370684,0.009560389,0.32336259,0.092459304,0.124408257,2.5,2.7,2.9,2.7,2.3,1.5,4.6
0.004079549,0.140689343,0.0,0.031876986,10.54747941,0.060655554,8.488620409,0.007275514,0.037117475,0.188334873,0.011473313,21.58532776,0.0,0.0,0.180194693,0.019233252,0.151712584,0.0,0.0,0.051560177,0.115093401,1.894429252,1.227833251,0.163630539,1.750191928,0.0,2.135693658,1.149622452,1.133782274,0.012872963,0.771701401,2.54947239,0.175929876,0.134979184,0.271008371,0.012199208,8.544571858,0.157005646,0.030684891,0.663348117,0.023491074,0.031913717,0.918412322,0.084635361,0.0,1.734505287,0.0,0.135406371,0.012948998,0.048668213,0.0,0.0,0.199623517,0.017614434,0.0,0.135768938,0.076332056,0.006238539,7.312590792,1.429347945,0.0,0.194640328,0.216412655,0.030848699,0.491980028,0.114447436,0.033604185,0.0,0.018171959,0.075195758,0.218123945,0.562811331,0.026957104,0.145360759,2.021913172,0.011965067,0.0,1.043214932,0.21958021,0.01354635,0.0,0.019586267,0.012495609,0.581111702,0.123136912,0.142334997,2.8,3.2,2.3,2.2,3.5,1.9,5.8
0.004811751,0.185263214,0.017046752,0.019844088,0.040453928,0.153686128,0.009735356,0.03465314,0.032297174,0.025410436,0.008910707,3.051663267,0.0,0.057683383,0.041077274,0.009519742,0.223823205,0.012077781,0.008497258,0.040632907,0.019765977,0.233137299,0.048242294,0.123749237,0.817877543,0.0,0.014348446,0.162121893,0.198522187,0.0,0.020129922,0.105578787,0.171190755,0.091659001,0.15106372,0.002322314,0.197368131,0.004365962,0.02401175,0.196286548,0.045515142,0.0,0.165694617,0.012825933,0.0,2.389825388,0.010707774,0.088482906,0.016878495,0.037201161,0.0,0.0,0.201814431,0.007380556,0.0,0.080690565,0.014367922,0.000776316,8.652524804,2.226612888,0.0,0.181022224,0.291401051,0.02627628,0.311417624,0.075695988,0.007192383,0.0,0.01536754,0.164784344,0.175655495,1.012503504,0.010394771,0.112638506,1.511042998,0.010160041,0.0,1.756772339,0.09540808,0.028171199,0.009309515,0.016117814,0.0,0.34807788,0.155541851,0.083889999,2.3,2.8,2.6,2.0,2.3,0.7,5.0
0.006058156,0.217895547,0.0,0.699037657,0.046411121,0.413767242,0.253313682,0.260538657,1.182120998,0.170881649,0.485818784,7.792292923,0.0,0.04627032,0.185849977,0.229243149,0.492899954,0.102285073,0.050774518,0.042532253,0.069583605,0.081606512,0.017520092,0.130541895,0.636363318,0.0,0.049459946,0.560779262,0.764255845,0.060595588,0.080378679,0.180533707,0.242321693,0.19141639,0.537470007,0.005842432,0.495183099,0.009128854,0.023333037,0.18231021,0.0,0.014860786,0.490706846,0.014412683,0.0,4.454787804,0.022711664,1.339305079,0.02038857,0.033856238,0.0,0.007641227,0.308552316,0.04950271,0.0,0.150608458,0.072815778,0.012750709,19.25549301,1.465686563,0.0,0.261142765,0.734789598,0.015761515,0.594766387,0.088062674,0.017138326,0.0,0.021918844,0.657775535,0.162329308,3.276544487,0.006672435,0.316234012,2.476428931,0.010970376,0.0,6.204381936,0.075477044,0.104262502,0.0,0.018718379,0.016392216,0.651867754,0.67835613,0.302328055,1.8,1.6,2.4,2.7,1.6,1.0,3.7
0.004144989,0.078642386,0.018925021,0.109929556,5.66074451,0.188077289,0.700150294,0.071444063,0.285982081,0.298148495,0.224748317,10.59800593,0.0,0.016291547,0.199427917,0.081536509,127.0207931,0.031745835,0.021983301,0.09255322,0.087757257,0.284003001,0.0087877,0.12594826,0.29594982,0.0,3.760745364,0.878095589,0.426462308,0.036448461,0.050591366,0.159558603,0.204179331,0.261346207,0.384790916,0.006396206,3.919291422,0.0102703,0.02043723,0.10572448,0.032962196,0.011222337,0.673113803,0.0,0.0,1.652161743,0.01537115,0.517906128,0.019893341,0.028957811,0.0,0.0,0.194859973,0.034765533,0.0,0.122582307,0.048988727,0.0,7.788612652,1.681133454,0.0,0.186228322,0.272563354,0.013406033,0.453346845,0.099932129,0.025691097,0.0,0.011951432,0.150935187,0.199128166,0.83952905,0.004841677,0.08551739,1.504780432,0.0,0.0,1.836947729,0.046113847,0.015885177,0.005424635,0.023734376,0.010069158,0.421834888,0.172120186,0.110083352,3.3,2.9,1.3,1.5,2.2,1.1,5.6
0.00176119,0.112349123,0.0,0.747247795,4.05185074,0.585239318,0.701147557,0.159430277,0.924291023,0.605433399,0.443710707,4.725399088,0.0,0.122148723,0.079446278,0.189846834,144.8419124,0.083051686,0.018840764,0.073087333,0.032751927,0.268754547,0.035862873,0.109859222,0.229417972,0.000481247,1.843322911,0.209489897,1.296827088,0.060661741,0.08663417,0.106224122,0.150542911,0.023068494,0.707062623,0.027362417,8.24570804,0.015096861,0.038022772,0.118873041,0.0,0.00553474,0.163524506,0.005837335,0.0,1.476469788,0.0,1.175606263,0.004936465,0.028327929,0.0,0.0,0.170978784,0.009453666,0.0,0.086948418,0.0,0.0,5.842778047,1.688707727,0.0,0.183780196,0.136567473,0.013122032,0.319190967,0.081434126,0.001025962,0.0,0.01427712,0.096278306,0.07060162,0.442981791,0.005214285,0.066827167,1.188794369,0.0,0.0,0.808988046,0.155730452,0.0,0.006208006,0.010830464,0.0,0.312878067,0.098083189,0.057180912,2.1,2.1,1.7,2.0,2.0,1.3,4.6
0.011322153,0.107868046,0.025004565,0.090300799,3.669804216,0.3593759,0.969809934,0.008562519,0.033732213,0.088014034,0.008324018,15.73301759,0.0,0.05369874,0.180341256,0.0,0.243068908,0.0,0.006107583,0.176010663,0.092692102,0.218744713,0.145151826,0.114249729,0.519024468,0.0,2.931969159,0.394349544,0.182326492,0.046405811,0.049470056,0.255510558,0.256211743,0.071247953,0.176013848,0.005454375,1.435006377,0.007596365,0.006256755,0.099758854,0.01948082,0.0,0.587078213,0.012044322,0.0,0.29159395,0.007722687,0.089592603,0.004659691,0.018394679,0.0,0.0,0.061088013,0.0,0.0,0.105816804,0.055794621,0.0,4.730814669,1.180509108,0.0,0.145645054,0.13223919,0.009112128,0.344365504,0.066534249,0.013447992,0.0,0.009179704,0.053882092,0.065593738,0.475066516,0.006265324,0.03630358,1.512550096,0.004267185,0.0,0.575122048,0.07987428,0.0,0.0,0.008029604,0.010826881,0.426011374,0.033820599,0.013012651,3.0,2.8,2.0,2.0,2.4,1.5,5.0
0.282412344,0.394678824,0.007194499,0.933183257,6.270152802,0.246913184,0.382584096,0.051556673,0.012806768,0.136838637,0.03904901,38.8711688,0.0,0.0,0.188542474,0.012809982,0.385267177,0.013364282,0.003654821,0.079194049,0.290462429,0.316527837,0.178596167,0.125601369,0.505518947,0.001010611,5.868947039,2.585411197,0.484887685,0.0,0.043163757,0.259500554,0.257524805,0.142883597,0.193051312,0.027967977,2.066226972,0.008214611,0.014856323,0.185264051,0.018543067,0.017418406,1.792392991,0.013613912,0.0,0.888825021,0.00652542,0.105850006,0.005378515,0.024357308,0.0,0.0,0.125257626,0.01472341,0.0,0.078997519,0.118025667,0.0,3.46639518,1.39329901,0.0,0.162757388,0.140281345,0.010200034,0.406344586,0.083729785,0.018006365,0.0,0.012389878,0.031810501,0.116968394,0.325644639,0.005141655,0.054555945,1.511039699,0.004171361,0.0,0.481005114,0.412543883,0.0,0.0,0.008309659,0.011035566,0.436204678,0.067734017,0.020764076,2.8,2.1,2.4,2.4,2.6,1.1,4.9
0.345974074,0.035804257,0.0,5.00783582,3.25481322,0.105192099,0.732271529,0.046645274,0.026155634,0.305560304,0.033439556,4.06303724,0.0,0.011035993,0.196744387,0.008393133,0.150130643,0.010332858,0.007352447,0.025144441,0.020741881,0.309827239,0.218134015,0.078607125,0.321675382,0.0,0.75174818,0.163594711,0.325010967,0.001523307,0.023695292,0.229369152,0.277088927,0.097652321,0.117127345,0.002095277,1.106469217,0.011928904,0.01953171,0.121701538,0.009307662,0.0,0.144984046,0.018809527,0.0,4.572236173,0.007212806,0.080218432,0.004789627,0.02516314,0.0,0.0,0.272803512,0.0,0.0,0.090936855,0.010914195,0.0,16.61575703,3.641911621,0.0,0.163115425,0.361164779,0.010246214,0.336710889,0.083486401,0.0,0.0,0.012310615,0.29021606,0.17752284,1.708407473,0.004893233,0.080150889,1.72325174,0.003490321,0.0,2.166359244,0.233369996,0.024503356,0.0019967,0.014261165,0.009523082,0.454474521,0.078200371,0.026641876,2.9,3.2,2.7,3.0,3.0,1.7,4.7
0.440208411,0.000907489,0.0,0.865697893,5.653815261,0.348272204,0.923489034,0.015529609,0.075528955,0.050997709,0.07854277,47.39833774,0.0,0.0,0.196203251,0.017836095,0.468332363,0.008963078,0.006315091,0.023583986,0.213562767,0.695174659,0.260252969,0.093331286,0.680781653,0.0,1.602567132,3.155530033,0.52040078,0.0,0.072061411,0.536897285,0.155011676,0.073748634,0.378555437,0.01903207,4.293530223,0.010380455,0.011649305,0.364221425,0.008667649,0.014919254,2.294636427,0.029582878,0.0,0.85110485,0.0,0.267713881,0.004883882,0.021130052,0.0,0.0,0.093425544,0.013700144,0.0,0.113952551,0.15852385,0.0,3.378656854,1.59875046,0.0,0.117110146,0.092055069,0.0,0.48549152,0.109575045,0.027332642,0.0,0.013100819,0.036842395,0.047607096,0.224940058,0.007406836,0.025284491,1.80995375,0.0,0.0,0.478708477,0.32428785,0.0,0.0,0.014534382,0.0,0.527781543,0.030351024,0.037083049,2.2,2.6,2.9,3.0,2.3,1.4,4.0
0.759685466,1.767373381,0.0,4.29313938,3.888847727,0.439455032,0.778175687,0.139475416,0.040949552,0.218517139,0.063384363,87.10036694,0.0,0.01123233,0.011473728,0.119270019,0.310182841,0.035301392,0.007753526,0.027560578,0.512499092,0.393575969,0.107879971,0.081416859,0.675260563,0.002790672,1.350422742,6.650272566,0.402948411,0.008700722,0.051694084,0.321270776,0.183617275,0.119275405,0.468036942,0.048130719,6.557166272,0.005601746,0.019914538,0.290205836,0.034485063,0.053434182,4.703910209,0.021100593,0.014905143,1.634892419,0.0,0.281877643,0.004184376,0.028290558,0.0,0.0,0.163653082,0.036883592,0.0,0.220592595,0.487267225,0.0,5.316430692,0.920506726,0.0,0.141719982,0.118184926,0.00812329,0.716565313,0.096094625,0.089887704,0.0,0.021833458,0.056867107,0.040660461,0.491237954,0.007936851,0.045430002,2.90806062,0.004842889,0.0,0.690881405,0.336176979,0.0,0.001834528,0.012840429,0.016219736,0.839591798,0.053090784,0.048754966,2.4,2.6,2.5,2.5,2.6,1.3,4.7
0.54724532,0.443286621,0.0,1.492590225,4.70708489,0.558131965,1.028894341,0.029866025,0.096208061,0.502901179,0.046953179,40.20958397,0.0,0.005235773,0.203813374,0.008359613,0.392943339,0.02024937,0.007186388,0.105851843,0.186946112,0.362408525,0.023068259,0.098303916,0.592143286,0.001229151,1.236078799,2.52281869,0.39779026,0.0,0.067460799,0.438981114,0.302205453,0.125218012,0.310210477,0.018272405,4.894166831,0.007672761,0.010838326,0.210718604,0.019264235,0.013128428,1.38005608,0.022750596,0.0,0.754680375,0.0,0.186592288,0.005302291,0.025049355,0.0,0.0,0.097459868,0.012886788,0.0,0.086559713,0.097477053,0.0,3.187007064,0.595797371,0.0,0.131963347,0.073206931,0.0,0.369639902,0.099168485,0.016178653,0.0,0.014124652,0.016088226,0.049871192,0.244614781,0.007057386,0.032893588,1.829004448,0.007149724,0.0,0.328786865,0.294136904,0.0,0.0,0.012265666,0.010696404,0.498498382,0.038068561,0.030778575,2.6,2.9,2.7,2.9,2.7,1.3,4.9
0.064287037,1.896424317,0.010224966,1.80682035,4.08422561,0.404414453,0.393922242,0.015870003,0.017195787,0.267207662,0.091093604,88.29265105,0.0,0.005810436,0.019978413,0.182789238,0.171514624,0.02011998,0.002200203,0.063312701,0.539074274,0.149263657,0.056724959,0.091069821,0.64653545,0.001701283,1.062405385,6.875963049,0.280906211,0.012176645,0.025801081,0.12011729,0.280176224,0.0,0.820853651,0.0502627,6.334911667,0.005986803,0.0,0.155962904,0.047861624,0.050685833,4.547116503,0.0,0.017582292,0.190218992,0.0,0.182006362,0.004392775,0.008353181,0.0,0.0,0.028404462,0.074730908,0.0,0.214924769,0.502792451,0.0,0.995364869,1.035632964,0.0,0.120244056,0.015653768,0.012139937,0.707904397,0.104691379,0.066462215,0.0,0.019234939,0.003146363,0.124647273,0.026802162,0.010702435,0.0,2.800714684,0.0,0.0,0.022244536,3.265583832,0.0,0.0,0.011188958,0.005397716,0.766648572,0.0,0.0,2.5,2.4,2.1,2.2,2.6,1.1,4.9
0.229750657,1.033755143,0.012475961,1.971848675,1.629431626,0.278144908,0.529773969,0.013039003,0.135568027,0.262988661,0.023891748,39.92851903,0.0,0.0,0.212608261,0.0,0.118585365,0.010253494,0.002893964,0.177302544,0.185548342,0.155507198,0.025868539,0.178438315,0.384823207,0.000267668,0.341534685,2.228765794,0.332271966,0.0,0.087761234,0.099448704,0.226101336,0.316275274,0.373536567,0.017614316,3.491127117,0.003477236,0.01802765,0.102841531,0.028505403,0.014885172,1.586873438,0.002346895,0.0,1.333822004,0.0,0.18376171,0.004299061,0.021604914,0.0,0.0,0.131771845,0.080418519,0.0,0.128393308,0.14364204,0.0,4.991154245,0.709474181,0.0,0.156654196,0.137994557,0.009087777,0.423314865,0.175425292,0.033567297,0.0,0.023909828,0.086255696,0.11085904,0.445292874,0.002558733,0.054484945,2.432609423,0.0,0.0,1.009235639,0.326880077,0.0,0.0,0.015352938,0.019511309,0.72920637,0.143076273,0.144994732,2.8,2.6,2.0,1.7,1.9,0.7,5.7
0.44912385,1.218786826,0.0,0.032443879,6.48736102,0.127534721,0.135709694,0.115032056,0.160818581,0.026796183,0.014042087,49.57232501,0.0,0.007715569,0.180416946,0.004609499,0.679546414,0.013129081,0.013798526,0.107120791,0.281405826,0.089627813,0.024328217,0.630403709,0.35707101,0.0,4.299330973,2.655091444,0.124695107,0.0,0.02502288,0.084613978,0.288014857,0.198552053,0.13602858,0.018195219,2.008342056,0.0,0.02852503,0.047938293,0.032441255,0.016199017,1.900210455,0.0,0.0,1.819158281,0.014656873,0.085702992,0.004846748,0.031618823,0.0,0.0,0.177523137,0.057547856,0.0,0.003528246,0.18845974,0.0,6.775924736,0.969840947,0.0,0.199465115,0.207593296,0.012012463,0.241030795,0.062370316,0.03732213,0.0,0.047054339,0.12607136,0.098384402,0.701670909,0.005964892,0.055186549,1.498887856,0.005595498,0.0,1.321948969,0.01658334,0.016610611,0.0,0.014028755,0.013782045,0.620290547,0.144886766,0.101414694,3.0,2.6,2.0,1.7,2.5,0.9,5.4
0.006440881,1.025341353,0.011066965,0.025810556,1.571048741,0.568526731,0.776828305,0.034494588,0.116408944,0.361247258,0.625686163,44.19913969,0.0,0.128220081,0.104695825,0.074736053,0.588127776,0.333445239,0.003665523,0.082975741,0.256028698,0.163679064,0.028824609,0.157887061,0.469085478,0.0,0.220654004,1.997501849,0.151159918,0.004907289,0.026359224,0.172797039,0.122265271,0.410028057,0.353511685,0.021226603,3.296075861,0.004689217,0.038247976,0.091344095,0.063437651,0.01102876,1.347467672,0.008148642,0.0,2.257986172,0.033315638,0.109035494,0.004751468,0.036031213,0.0,0.0,0.227349405,0.136416697,0.0,0.046769918,0.163748422,0.0,8.185796153,1.589863029,0.0,0.20340055,0.256404872,0.011193148,0.184751595,0.064557551,0.03572463,0.007837264,0.047689369,0.197489198,0.087983892,0.986428069,0.004169738,0.090904688,1.3232294,0.007760528,0.007961873,2.122326408,0.017964438,0.034993743,0.019134256,0.009407096,0.01605292,0.606321878,0.242266349,0.146508927,2.1,2.4,2.5,1.9,1.9,1.2,4.9
0.498056523,0.810180726,0.010596963,0.014606743,5.371582529,0.703511165,0.015888188,0.095502065,0.40969896,0.195352235,0.011842782,42.75969905,0.0,0.08917168,0.175941149,0.004845898,0.525171867,0.026968217,0.030847609,0.102004751,0.18092023,0.126298246,0.06936012,0.176366346,0.194045403,0.0,7.295767407,2.089581199,0.099737979,0.0,0.033344926,0.124450704,0.150609332,0.298988161,0.272536213,0.012187432,1.26018896,0.0,0.026804781,0.058822241,0.033814585,0.0,1.440391809,0.008175412,0.0,1.529625415,0.021465188,0.196861665,0.01050138,0.030825352,0.0,0.0,0.164826915,0.06063398,0.0,0.099145519,0.138145479,0.0,5.59402984,1.873150165,0.0,0.150453937,0.146837045,0.017102082,0.443703108,0.065974078,0.033483786,0.008092752,0.033218005,0.098725808,0.115995617,0.525008652,0.017029425,0.039395594,2.374837423,0.0,0.0,1.111014943,0.027604267,0.015320251,0.011693203,0.008402817,0.018816259,0.74772302,0.125672802,0.125942995,3.2,3.3,2.4,2.1,3.0,1.2,5.5
3.164925802,1.105255852,0.0,0.025008553,4.312881632,0.323871002,0.338995199,0.07501144,0.151151348,0.002914714,0.026510877,49.06436673,0.0,0.007373957,0.189419027,0.017005251,0.596921614,0.021516497,0.005274517,0.076811714,0.317162588,0.195498628,0.103348806,0.135752259,0.475482113,0.0,1.469222146,2.572025604,0.138622713,0.003324039,0.05618807,0.156535771,0.154667812,0.260067638,0.208394498,0.022063034,4.430281906,0.006148971,0.032596451,0.077764156,0.023943793,0.013101497,1.555225109,0.000890042,0.0,1.689356762,0.0,0.102422931,0.007732928,0.035801294,0.0,0.0,0.187166518,0.027696413,0.0,0.0,0.111172364,0.0,5.446688286,0.901185846,0.0,0.156253616,0.166506385,0.009217119,0.015486651,0.065593842,0.034187588,0.0,0.032486881,0.079352332,0.18039303,0.520908862,0.021097465,0.039837494,0.211768182,0.0,0.0,0.91924617,0.012868292,0.016709015,0.0,0.008540008,0.015071127,0.259069569,0.119786563,0.085351339,2.2,1.7,1.8,1.6,1.7,1.0,4.5
0.026486541,1.032076381,0.019404222,0.012816193,5.786401482,0.418990741,0.327076634,0.03550597,0.114462689,0.016211721,0.01278067,47.56570105,0.0,0.007223499,0.203316648,0.0,6.435082615,0.018621748,0.0,0.090124191,0.269472129,0.150801204,0.087368892,0.111854626,0.355403169,0.0,3.710962805,1.205279014,0.106143919,0.0,0.021134692,0.114069106,0.336704712,0.101573146,0.17583485,0.02130014,3.370695347,0.004025686,0.0,0.073810272,0.043739126,0.013787163,1.344516248,0.008123145,0.0,0.806382398,0.015106806,0.08421855,0.010567587,0.021001491,0.0,0.0,0.116258946,0.061326655,0.0,0.127187927,0.16941525,0.0,3.615294791,1.301578616,0.0,0.187574574,0.135970214,0.010925717,0.586220208,0.064467851,0.042487628,0.0,0.039094968,0.050264024,0.150423688,0.359149955,0.028468273,0.0,2.529693326,0.0,0.0,0.603356397,0.013008338,0.0,0.0,0.009278027,0.015584071,0.881359863,0.0,0.0,2.4,2.1,1.9,1.9,2.3,1.3,5.0
0.027493529,1.345017773,0.033380572,0.018092421,5.622966293,0.242232012,0.172036476,0.158142237,0.316772377,0.219289753,0.020243257,55.27414479,0.0,0.060891283,0.190585194,0.01695138,0.670354662,0.047891311,0.005583895,0.100269615,0.379319654,0.157194934,0.012017106,0.043180572,0.438034782,0.0,1.198634339,3.326013532,0.039239505,0.008219304,0.021171006,0.124599801,0.314670719,0.149394011,0.273461898,0.024536299,3.392554885,0.005833077,0.0,0.065165336,0.024185713,0.013662305,2.344036039,0.0,0.0,0.854691259,0.0,0.101663881,0.011737879,0.026498818,0.0,0.0,0.077485556,0.03444748,0.0,0.006268042,0.215761889,0.0,4.438648767,0.969939816,0.0,0.197920675,0.124312349,0.008015261,0.019485299,0.063567329,0.040907429,0.0,0.026543151,0.047884508,0.157322328,0.567218344,0.025505251,0.034061433,0.254258753,0.0,0.0,0.386014633,0.01164328,0.0,0.0,0.014651684,0.010145059,0.298381488,0.038165267,0.026194686,2.3,2.2,1.7,2.2,2.0,0.6,5.0
0.0,1.074764132,0.0,0.044239833,2.496837482,0.451628036,0.54530603,0.097248219,0.048650526,0.202396503,0.042587272,53.69695945,0.0,0.17518769,0.091699036,0.0,2.322442854,0.012186021,0.043761224,0.115847467,0.307000563,0.076651612,0.012917715,0.054482565,0.364583068,0.0,0.424594239,0.0,0.194637834,0.0,0.022258951,0.139048347,0.259081352,0.001969203,0.215499014,0.020978653,4.263091316,0.0,0.042986923,0.085810967,0.08315172,0.024483998,0.179769048,0.006566839,0.0,2.056843741,0.02708967,0.165223091,0.006435782,0.067057457,0.0,0.0,0.295495482,0.112167218,0.0,0.0224693,0.340091462,0.0,9.849073101,1.04880559,0.0,0.237770111,0.313598431,0.018394366,0.256258664,0.099165257,0.082913249,0.0,0.062824032,0.19028136,0.102424032,0.910549933,0.015431891,0.071403769,1.983504661,0.015274887,0.0,1.690120248,0.070395597,0.025010756,0.026306488,0.010889029,0.024218824,1.033284248,0.0,0.0,2.8,2.5,2.2,1.4,2.0,0.6,5.7
0.0,0.983097416,0.0,0.025634747,2.511213502,0.448121941,0.520006318,0.277440023,0.061173001,0.253590476,0.022681624,39.32373725,0.0,0.003465325,0.183897428,0.0,0.583541441,0.012334173,0.027549326,0.09345965,0.340345412,0.133754584,0.037105029,0.100183311,0.300909638,0.0,0.391693449,0.0,0.167562641,0.0,0.031148903,0.158338973,0.340933758,0.016701707,0.231409285,0.018148515,4.871557592,0.0,0.049833506,0.082987483,0.030661446,0.023709784,2.038214612,0.011325498,0.0,1.737684225,0.027507268,0.117728219,0.007198079,0.066639395,0.0,0.0,0.218553945,0.138600364,0.0,0.019565648,0.296869777,0.0,7.933390486,1.130040442,0.0,0.23012683,0.294499606,0.017532577,0.090976096,0.083063098,0.081693055,0.0,0.059772652,0.151877381,0.142737931,0.846463098,0.01359861,0.082179204,1.085408943,0.012507295,0.0,1.851654434,0.066617008,0.03633851,0.036967269,0.011534991,0.019806272,0.754465188,0.0,0.0,2.4,1.7,1.4,1.0,1.7,0.1,5.1
0.389910149,0.82012723,0.0,0.018218069,2.203521426,0.388002584,0.469796252,0.302179704,0.021853834,0.093059772,0.008912986,41.8597365,0.0,0.04599605,0.23978106,0.0,13.51208772,0.035118928,0.012147293,0.085089017,0.27393141,0.156471692,0.027738212,0.096972931,0.344382552,0.0,0.3915185,0.0,0.178438375,0.0,0.055342475,0.154172992,0.17859509,0.004787578,0.352771696,0.023676449,4.142502404,0.005029189,0.035297189,0.06789132,0.032006708,0.018549168,1.522512007,0.011863637,0.0,1.39397691,0.012506506,0.098250347,0.003832237,0.044278865,0.0,0.0,0.195938927,0.075122408,0.0,0.03321333,0.224606791,0.0,6.063695237,1.474440262,0.0,0.261400717,0.20411599,0.013753054,0.121358314,0.069483467,0.06639502,0.0,0.049162079,0.124915484,0.132274104,0.677049036,0.008728112,0.08598932,1.264165245,0.007507541,0.0,1.362576221,0.029025807,0.028453693,0.019633649,0.007124326,0.01561256,0.695670347,0.215826094,0.0,2.5,2.0,1.7,1.0,1.7,0.8,5.6
0.719467108,2.185322125,0.0,0.018086875,3.587318443,0.211546239,0.005812787,0.415144746,0.021039406,0.0,0.047610099,81.88339331,0.0,0.279722242,0.004534538,0.0,0.788399627,0.029571736,0.007305108,0.118378553,0.730578635,0.037181085,0.043393681,0.317665257,0.27817288,0.0,0.764080981,0.0,0.148796598,0.0,0.058679191,0.132165733,0.25218295,0.013532865,0.3004491,0.056398471,7.208438034,0.00553293,0.030158583,0.087277239,0.03215527,0.03942689,3.404985301,0.0,0.0,1.883561675,0.0,0.152389562,0.00531475,0.063206708,0.0,0.0,0.184900788,0.200274754,0.0,0.011143492,0.519985287,0.0,7.720410003,1.178078855,0.0,0.321387165,0.247810471,0.012950707,0.037518822,0.090033975,0.121469072,0.0,0.05160395,0.096911163,0.165254847,0.657427932,0.007096603,0.0,0.511442212,0.011335588,0.0,0.710318848,0.094550751,0.0,0.0,0.012504038,0.016817985,0.561991614,0.0,0.0,1.9,1.9,1.2,1.1,2.0,0.4,5.0
0.022824902,1.020387327,0.0,0.022930217,0.001040776,0.563649268,0.146095093,0.151686018,0.012263501,0.0,0.04676003,46.4293583,0.0,0.133256243,0.206054898,0.0,0.635242804,0.009275096,0.031167621,0.080705129,0.263549756,0.06921862,0.048054657,0.109449845,0.219084319,0.0,5.177637586,0.0,0.078026427,0.0,0.014527827,0.080256678,0.208903832,0.011525337,0.169360279,0.018921346,2.047203286,0.0,0.026298552,0.047578802,0.035716732,0.020250196,1.645848977,0.001564263,0.0,0.894238608,0.0,0.090439239,0.004469187,0.037591508,0.0,0.0,0.144185894,0.049930076,0.0,0.021052976,0.178749196,0.0,4.197431108,0.995878231,0.0,0.251296772,0.156329243,0.011103932,0.170748011,0.073698293,0.04521057,0.0,0.034641583,0.070742749,0.047655253,0.420895805,0.016815073,0.0,1.466175624,0.006536273,0.0,0.630598551,0.051268868,0.0,0.0,0.024209302,0.0,0.73066372,0.0,0.0,2.5,2.5,1.6,1.6,1.4,0.8,5.0
0.028491228,0.839244644,0.0,0.01766227,5.941071244,0.221115594,0.088052691,0.03446477,0.009629062,0.0,0.009921747,34.58816257,0.0,0.200466966,0.214935249,0.0,0.47781122,0.016649394,0.051207582,0.075524996,0.231485632,0.014049136,0.13014306,0.117827322,0.28033122,0.0,4.288245476,0.0,0.083759283,0.008617123,0.029032716,0.116462908,0.204530981,0.01129956,0.189830401,0.021441538,2.580235551,0.0,0.032317453,0.078659149,0.046859881,0.018239032,1.604717282,0.0,0.0,0.0,0.0,0.086789588,0.005535265,0.031503722,0.0,0.0,0.146788833,0.067098945,0.0,0.029225011,0.162289311,0.0,4.060679237,1.104679668,0.0,0.220395365,0.091220733,0.011874747,0.199434896,0.078197976,0.046494137,0.0,0.044228419,0.072440091,0.141359551,0.464343532,0.013300792,0.030565277,1.866832058,0.011379715,0.0,0.0,0.059333276,0.0,0.0,0.02203149,0.020382693,0.888920624,0.0,0.0,2.2,2.3,1.4,1.2,2.2,0.5,5.8
1.802256271,1.449641207,0.0,0.023228128,2.833064104,0.542776674,0.425846569,0.187455336,0.011508926,0.0,0.030174472,59.326957,0.0,0.002921396,0.186603301,0.0,31.61854464,0.028419282,0.016948641,0.125851211,0.374259279,0.096766809,0.037400857,0.061998195,0.366688142,0.0,0.497067705,0.0,0.169673726,0.005361809,0.04214407,0.174216937,0.126654036,0.010913082,0.540982085,0.019625262,6.279286339,0.017117905,0.032318307,0.187259938,0.0471016,0.010644379,2.243391464,0.0056143,0.0,1.494667268,0.010215706,0.131889116,0.005488237,0.054341877,0.0,0.0,0.174082586,0.101810897,0.0,0.01574834,0.235298004,0.0,4.240787441,1.525044087,0.0,0.223162987,0.151551996,0.021568186,0.041927067,0.08055016,0.046884467,0.0,0.032370065,0.013342284,0.133890346,0.489776064,0.014984824,0.054357757,0.737757345,0.011788587,0.0,0.74347343,0.044002415,0.0,0.0,0.014724797,0.008714505,0.47101738,0.049401701,0.063485277,2.5,2.5,1.7,1.6,2.1,0.7,5.2
0.024546318,1.298407102,0.0,0.003748097,5.218965254,0.292331314,0.257230628,0.304936225,0.107667574,0.02028125,0.053334947,54.55815015,0.0,0.006090641,0.199518713,0.026157979,0.492733311,0.02071361,0.014465974,0.10078354,0.2721614,0.135095541,0.070073834,0.028995973,0.288294147,0.0,1.374614206,2.888973435,0.124029588,0.012602633,0.017053879,0.131761714,0.118366176,0.014021361,0.148452411,0.018882208,3.079248618,0.0,0.041938484,0.058222727,0.036832208,0.016386386,0.541205645,0.00599574,0.0,1.439590663,0.021302182,0.090337074,0.014268863,0.051190539,0.0,0.0,0.175841981,0.106030521,0.0,0.0,0.181076883,0.0,5.597451814,3.081799363,0.0,0.188523703,0.172787287,0.007291361,0.043412434,0.074027863,0.040718317,0.0,0.040132928,0.09939549,0.099795534,0.570911058,0.015091991,0.044469119,0.685498793,0.012035862,0.0,1.161124048,0.050811075,0.0,0.0,0.014477192,0.005866079,0.438091596,0.132833531,0.095752445,3.0,3.0,1.6,1.3,2.2,0.9,6.2
1.203987762,1.786396532,0.0,0.027292032,2.788565823,1.51220013,0.328903597,0.0685514,0.287751885,0.019433269,0.022930827,71.85451771,0.0,0.151793435,0.212782002,0.016646972,2.25997141,0.046869584,0.035053093,0.079068065,0.463505507,0.197705567,0.015728472,0.073316168,0.449932344,0.0,0.410861904,5.083398982,0.134700435,0.005204005,0.040841615,0.238627588,0.338054576,0.00345443,0.246184145,0.034066392,6.606456801,0.0,0.037239162,0.090257356,0.038987616,0.019864058,3.425084475,0.000566211,0.0,3.346134448,0.024094708,0.138363714,0.017366673,0.056946515,0.0,0.0,0.302478437,0.186030704,0.0,0.01754781,0.488253948,0.0,16.28140884,1.008944215,0.0,0.268821049,0.425081011,0.014314888,0.025067729,0.087311196,0.11276836,0.0,0.044243226,0.37934217,0.082071936,2.040266888,0.012136341,0.132110616,0.245180515,0.009974339,0.0,0.00077701,0.045467358,0.064339493,0.023559603,0.015808706,0.009308456,0.393041486,0.432598836,0.189821247,1.8,2.1,2.4,1.6,1.6,1.1,4.9
1.268102156,1.715517457,0.0,0.000896978,5.589120587,0.236250993,0.209594882,0.182287083,0.137419319,0.015583628,0.025298163,69.95224585,0.0,0.001375783,0.173585024,0.0,0.551544658,0.028278639,0.016579552,0.146934266,0.390087108,0.084325157,0.031921338,0.071295931,0.381598838,0.0,1.285725022,4.0700634,0.145838684,0.002333624,0.043322764,0.164574772,0.126042212,0.014678642,0.592919746,0.027276569,4.062568132,0.006688409,0.020301152,0.146731303,0.036098287,0.022889549,1.680675904,0.003220667,0.0,2.274344376,0.006903339,0.201100629,0.013658393,0.022375538,0.0,0.0,0.195671721,0.103027735,0.0,0.0,0.268786274,0.0,8.208551366,1.439305248,0.0,0.177473683,0.176328262,0.011015137,0.063257266,0.075542615,0.008540357,0.0,0.024727403,0.135195912,0.180924967,0.773607366,0.017446239,0.053965429,0.709671766,0.01184547,0.0,1.486340303,0.044625121,0.020323658,0.0,0.014082977,0.010170187,0.439065522,0.137708959,0.091583979,3.0,2.8,2.1,1.7,2.3,0.9,5.2
0.006634282,0.753775645,0.0,0.032879291,2.117093344,0.438772045,0.717931832,0.145884592,0.048836641,0.271380467,0.091765183,36.73063463,0.0,0.003640463,0.185565585,0.03749823,3.498259727,0.012857038,0.022834636,0.059507158,0.226968574,0.15469466,0.027419925,0.06994229,0.299045382,0.0,0.22944769,1.974051089,0.146588316,0.004475498,0.036091817,0.203239111,0.148603687,0.00092181,0.300227418,0.018838807,3.692283294,0.014451409,0.048241472,0.083862108,0.025881096,0.01170762,1.076401356,0.000626245,0.0,1.993744846,0.003864184,0.136711332,0.013573133,0.042500802,0.0,0.0,0.243074308,0.15858337,0.0,0.003382636,0.145146182,0.0,7.901698171,1.240333734,0.0,0.280792245,0.268157246,0.011226454,0.16003455,0.078639073,0.04569057,0.0,0.044889962,0.198794367,0.186974516,0.966423113,0.005004516,0.084043879,1.372122193,0.01301095,0.0,2.119467541,0.056545951,0.030043827,0.006784022,0.012719275,0.014605761,0.694572092,0.269981289,0.008535105,2.7,2.5,1.9,1.7,1.7,1.3,4.9
0.072661232,2.33363547,0.0,43.34066095,2.432383978,0.542428919,0.948065294,0.005533486,0.254464009,0.232102929,0.960612342,83.42068412,0.0,0.0202823,0.134991691,0.144767446,11.17826431,0.012327436,0.074925902,0.116874524,0.578459763,0.294419586,0.073309952,0.069147615,0.97798383,0.0,0.348782895,6.070753427,0.370643177,0.005234579,0.028439092,0.321797098,0.159788424,0.010478162,2.757771618,0.030318237,12.81852572,0.005017501,0.053437329,0.402895954,0.029306643,0.053528512,4.191784661,0.08969088,0.0,2.551870679,0.019513625,2.014572953,0.005462073,0.065766771,0.0,0.0,0.272987094,0.299194144,0.0,0.017654473,0.544342456,0.0,10.38401031,1.53824818,0.0,0.278084993,0.318567093,0.015040218,0.142170123,0.453577782,0.124028206,0.0,0.054482488,0.257048354,0.094248324,1.253028408,0.005795054,0.105864799,1.185721857,0.013381009,0.0,2.559434083,0.225215087,0.045586279,0.014784057,0.016213893,0.013913167,0.662051296,0.300767272,0.248399136,2.3,1.8,2.3,1.8,2.0,2.0,4.4
0.493484528,0.792890137,0.0,0.0,2.40740708,0.51468259,0.358345803,0.527510957,0.28789052,0.114726516,0.042186524,38.78579505,0.0,0.066847445,0.127408083,0.007657752,30.38402119,0.07225796,0.058901324,0.167152011,0.265452137,0.102384541,0.065118573,0.057639346,0.400859442,0.0,0.343305049,0.0,0.0,0.0,0.051837377,0.127485393,0.145483956,1.634334615,0.420606503,0.012314248,3.706687363,0.0,0.064734653,0.116837414,0.050733702,0.021435001,1.91522721,0.002519077,0.0,1.4590103,0.10190749,0.151381023,0.013573994,0.044804427,0.0,0.0,0.260676032,0.599072879,0.0,0.500344947,0.285927457,0.0,5.796907874,1.064675016,0.0,0.353833908,0.326176743,0.019579267,0.274465939,0.086679671,0.092950777,0.0,0.158575054,0.205847357,0.153254775,0.932427714,0.004245459,0.155158755,2.107025253,0.013851074,0.0,2.428630176,0.03936922,0.051862693,0.036037221,0.017645458,0.031883432,1.003195963,0.373028542,0.464892051,3.3,2.7,2.1,1.7,3.1,0.7,5.3
0.038381413,1.016867866,0.0,0.02659883,6.891240758,0.184087143,0.130037306,0.072725528,0.128301855,0.013499601,0.014480442,36.71753304,0.0,0.0,0.212270121,0.0,0.5935197,0.012379401,0.011754255,0.081234014,0.249186026,0.043714922,0.039154173,0.068072566,0.143937513,0.0,2.812030784,2.816448889,0.088947362,0.008865698,0.021964112,0.090565044,0.12563585,0.956340824,0.159708717,0.017991827,2.294025024,0.005317514,0.041617478,0.060265124,0.051440454,0.021678948,2.214155115,0.00198123,0.0,1.324181833,0.055876376,0.089793938,0.006403502,0.038866333,0.0,0.0,0.18757915,0.371999956,0.0,0.330091177,0.33114494,0.0,6.214730306,2.325343185,0.0,0.239209202,0.266989761,0.015717834,0.150652679,0.07584078,0.102168539,0.0,0.054636541,0.114256585,0.02130178,1.026712891,0.004093589,0.122496434,1.662264432,0.016898086,0.0,2.260642719,0.045231679,0.037679159,0.01313371,0.009889975,0.01668006,0.973624557,0.393276697,0.465469105,3.1,3.0,1.6,1.7,2.4,1.0,5.8
2.697971967,0.785464882,0.0,0.035284362,1.894042895,0.366016418,0.677378461,0.134066879,0.489754474,0.254802677,0.014824511,36.42885988,0.0,0.193178116,0.235178478,0.0,0.670797951,0.065429733,0.045998362,0.041695641,0.303237039,0.27184618,0.188269866,0.044645387,0.372385925,0.0,0.260054801,2.810645187,0.234486019,0.0,0.145409993,0.156964322,0.227313789,0.765088261,0.389166728,0.011743445,5.73559347,0.0,0.041674487,0.119485088,0.033459877,0.0209955,2.159035124,0.0,0.0,1.23589712,0.040247498,0.14553811,0.0179267,0.037580033,0.0,0.0,0.166246937,0.23640065,0.0,0.018610673,0.366136698,0.0,4.65716526,0.619719288,0.0,0.195019212,0.217224276,0.012531145,0.290663908,0.079094447,0.122568358,0.0,0.065652147,0.13464229,0.117764989,0.689884178,0.003742527,0.102254469,2.627923517,0.012983091,0.0,1.641046141,0.023841889,0.025338505,0.024500867,0.00859017,0.039312423,1.343559729,0.292930753,0.336919696,2.2,2.5,2.6,2.5,2.2,1.2,4.5
0.624683371,1.605629471,0.0,0.003218947,4.109151479,0.530059827,0.260058719,0.039594642,0.235046678,0.072603107,0.025767271,64.95415086,0.0,0.109233475,0.220441121,0.010776814,0.506808187,0.056148507,0.041917896,0.189063522,0.477343498,0.203396712,0.110504869,0.016646222,0.382483371,0.0,1.135895184,5.339630237,0.180677816,0.004274521,0.080835574,0.176343204,0.174026684,1.257602608,0.328645449,0.025576771,7.989419105,0.003626696,0.057507935,0.129616634,0.051617778,0.052475365,4.785813748,0.004239788,0.0,1.755152942,0.088398322,0.160011718,0.014332211,0.049029578,0.0,0.0,0.208185808,0.49572552,0.0,0.067717787,0.71524922,0.0,7.309301059,1.027726783,0.0,0.260047207,0.295787792,0.016204353,0.320763714,0.093793708,0.206669465,0.0,0.06617913,0.255982033,0.149060655,1.150587054,0.002697456,0.150403877,2.309076459,0.018156302,0.0,2.883781156,0.031848688,0.059033157,0.032023779,0.01355023,0.020041034,1.194490848,0.47770816,0.497706458,2.3,2.5,2.3,1.7,2.4,0.9,4.4
0.596999228,0.899077974,0.0,0.189929513,2.647289279,0.408692358,0.718671737,0.169949944,0.056458859,0.380798948,0.015929168,51.67970705,0.0,0.03431803,0.228262369,0.0,0.728222419,0.01637726,0.053075585,0.07920671,0.326420166,0.186639978,0.172417302,0.071107752,0.606983516,0.0,0.605453134,4.447052349,0.228414284,0.0,0.115998255,0.409992199,0.123565815,0.687989106,0.399246036,0.025128916,11.96593665,0.007308916,0.045597523,0.353232086,0.033796638,0.034635062,3.390359576,0.031638109,0.0,0.878070917,0.026899177,0.43758871,0.013201066,0.051621139,0.0,0.0,0.162064083,0.291299154,0.0,0.216762687,0.612152001,0.0,3.874110226,1.301347835,0.0,0.129036334,0.185351826,0.011936609,0.477391532,0.169110417,0.123702955,0.0,0.041325974,0.108619911,0.124542633,0.493468453,0.002652612,0.094923655,3.651165735,0.01633116,0.0,1.415875819,0.333462492,0.018345657,0.01615826,0.013041973,0.035525965,1.3777951,0.222916269,0.258047769,2.8,2.4,2.4,2.5,2.3,1.1,4.3
0.774889932,0.841451393,0.0,0.215407104,1.723032152,0.412327479,0.689745165,0.106544106,0.042987213,0.34277093,0.01025196,39.22262485,0.0,0.00936792,0.221387964,0.007289625,0.139383434,0.021583343,0.015328134,0.067234444,0.229797071,0.123576633,0.057861199,0.070916707,0.434702606,0.0,0.281500132,2.49976158,0.517797609,0.0,0.131003956,0.175841723,0.074577427,0.010530818,0.40826201,0.015162699,4.569144066,0.003889673,0.048624706,0.216363041,0.044684786,0.018277145,1.996562022,0.006753079,0.0,1.949612841,0.03544073,0.255417428,0.007177194,0.051295423,0.0,0.0,0.227978934,0.219820224,0.0,0.015985304,0.331138788,0.0,9.459445439,0.814706267,0.0,0.249414786,0.244045385,0.013718221,0.316871668,0.19098669,0.117223308,0.0,0.062026932,0.256328356,0.099174547,1.150800653,0.003341438,0.121316407,2.744118709,0.013437452,0.0,2.717417928,0.404728638,0.061704013,0.032916611,0.0043209,0.038543067,1.389767369,0.407703361,0.392497925,3.1,2.5,1.6,2.1,1.9,1.4,5.4
0.009675877,1.216831387,0.0,0.001644743,3.186276496,0.448389421,0.461366604,0.332390645,0.136186424,0.038796367,0.01857329,48.28684481,0.0,0.004649517,0.242890018,0.0,1.214745942,0.019432539,0.022625916,0.081214861,0.288174136,0.026251924,0.045399829,0.144079385,0.204586112,0.0,0.681675891,3.081272325,0.132934913,0.0,0.034706877,0.148720625,0.067631048,0.004818564,0.283966812,0.006884456,4.09567052,0.004659895,0.03138457,0.081735761,0.04357378,0.023677239,2.346885428,0.004608179,0.0,1.576781466,0.015451996,0.214519581,0.010528649,0.045020959,0.0,0.0,0.163622737,0.192147596,0.0,0.011731283,0.35792101,0.0,6.686288075,1.315717641,0.0,0.170983506,0.18819018,0.014421878,0.038781513,0.073995522,0.092160459,0.0,0.057266606,0.157274287,0.1168915,0.799280315,0.007506149,0.079567958,0.641764311,0.012023563,0.0,1.587798835,0.036146318,0.026626126,0.013082301,0.016306957,0.013603876,0.560505458,0.256308346,0.245298375,2.5,2.3,1.4,1.5,3.4,1.3,5.4
0.238066683,0.918429468,0.0,14.15374916,1.704421153,0.410121096,0.670953862,0.068810204,0.086283564,0.218894058,0.230384604,53.8932282,0.0,0.006671252,0.225560058,0.0,5.522053501,0.020157989,0.038496257,0.050337227,0.344395629,0.010715932,0.037678919,0.147811719,0.428764874,0.0,0.338343502,0.0,0.392488126,0.0,0.117613622,0.185623395,0.1416516,0.431964859,0.362599609,0.032062828,5.712334865,0.016440634,0.032198928,0.167991368,0.041374902,0.029008256,3.241771454,0.006050591,0.0,1.620684864,0.025075466,0.221357301,0.011624979,0.044197105,0.0,0.0,0.180932992,0.145093846,0.0,0.01625244,0.521514918,0.0,6.616271186,0.588549313,0.0,0.237167724,0.174070534,0.009969881,0.284576037,0.164123087,0.152361007,0.0,0.055259855,0.231226026,0.053234591,1.120869333,0.012378446,0.108314874,2.653451601,0.018222836,0.0,3.235285694,0.809369844,0.047103891,0.011468459,0.016485589,0.031673316,1.254262112,0.459025956,0.487028844,2.8,2.5,1.3,1.6,2.1,1.0,5.3
0.040247319,1.073349344,0.0,0.002653482,1.289982773,1.931949184,0.433685764,0.320781227,0.072487739,0.104592129,1.871729226,46.06834807,0.872035111,0.098244135,0.083679011,0.195987971,11.78635461,0.091341455,0.019537813,0.064787551,0.420754946,0.269579914,0.152953382,0.097878214,2.088696146,0.0,0.212896929,4.251992376,0.819176864,0.045363334,0.037098472,0.203512908,0.07564794,0.117401791,3.873738255,0.031736755,9.840178145,0.00380322,0.013637812,0.610502739,0.009668071,0.035872511,0.861213991,0.122647833,0.0,0.982421706,0.014803439,3.043719471,0.01090255,0.041231172,0.0,0.0,0.125596864,0.126768797,0.0,0.006102888,0.413832783,0.0,4.864699865,0.74905492,0.0,0.004710893,0.159171553,0.015051473,0.017011806,0.689521272,0.08690605,0.0,0.030091912,0.108398446,0.02821901,0.587432038,0.004375694,0.056296525,0.276707749,0.013387007,0.0,1.612923134,0.230750251,0.027720809,0.006253299,0.014284507,0.008591909,0.345442554,0.205310281,0.163051854,1.6,2.1,2.6,2.8,1.7,1.1,3.7
0.355766614,0.825872228,0.0,7.793726267,1.771357542,0.343034967,0.430318809,0.041936746,0.031914827,0.185243476,0.049846033,45.07981229,0.0,0.004180078,0.232514145,0.026872314,0.747201918,0.022615534,0.045795121,0.056995234,0.262819127,0.150641863,0.038595229,0.135958967,0.296581154,0.0,0.458895015,0.0,0.347215133,0.0,0.079537023,0.116473933,0.195204077,0.269262137,0.319333615,0.028277463,5.197168942,0.004613917,0.023801865,0.101498048,0.026537744,0.027127334,0.64494533,0.0,0.0,0.705144641,0.0,0.176942252,0.012173297,0.035277994,0.0,0.0,0.131433121,0.203759744,0.0,0.057585434,0.413944584,0.0,2.771450998,2.406770133,0.0,0.179352198,0.1309742,0.014333025,0.353081228,0.134984351,0.07935075,0.0,0.029252763,0.072111057,0.030553932,0.35411031,0.002465626,0.0543661,2.860117511,0.015711369,0.0,0.886276224,0.662735971,0.012161772,0.004604897,0.011501134,0.024952279,1.047813338,0.171702292,0.238835568,2.3,2.5,1.6,1.5,2.3,0.9,5.6
0.515336321,1.102244081,0.0,0.000836586,2.26846253,0.401679006,0.152826736,0.110732967,0.480456636,0.155039704,3.170202783,50.15782651,0.0,0.040602215,0.242096421,0.013080583,1.899276447,0.018235583,0.034217105,0.029842158,0.365037648,0.164739457,0.022933522,0.154784295,0.269467515,0.0,0.332075348,4.414136717,0.139417534,0.0,0.032566051,0.129417385,0.237086001,0.605282557,0.219643236,0.039983166,6.853848557,0.007459106,0.039328598,0.141998674,0.045927442,0.04302672,3.70783622,0.0,0.0,2.188169723,0.034057395,0.146421876,0.007768131,0.041559259,0.0,0.0,0.22467728,0.19407612,0.0,0.025649751,0.618617432,0.0,12.23649474,1.192793855,0.0,0.00525289,0.40250778,0.016273456,0.027919494,0.08109796,0.207813794,0.0,0.031979681,0.392449401,0.06084756,1.650321091,0.011684948,0.151348594,0.207359319,0.019851039,0.0,4.537093142,0.028990429,0.091008612,0.036438408,0.009564611,0.015520818,0.424323784,0.586086858,0.420761355,2.4,2.2,1.7,2.1,1.8,0.8,4.2
0.245375945,0.718148736,0.0,0.002366765,6.157122868,0.719482784,0.213702926,0.097619762,0.564775791,0.567094959,0.023321019,15.23451687,0.0,0.026827549,0.229620253,0.0,0.343946446,0.016606648,0.013653715,0.033623512,0.108770997,0.007417107,0.105766282,0.089846095,0.151443541,0.0,1.187623264,1.142157434,0.060619103,0.000507222,0.049333188,0.099994643,0.314249209,0.00579683,0.239587801,0.006770612,1.919739003,0.0,0.037964672,0.054407114,0.021870828,0.007963571,0.545176505,0.0,0.0,1.347248893,0.045261109,0.101060374,0.01249312,0.037361027,0.0,0.0,0.16265738,0.218754403,0.0,0.008516409,0.138789768,0.0,6.268861742,0.972317499,0.0,0.187606008,0.190041083,0.015142881,0.049056779,0.071602473,0.045957764,0.0,0.044430056,0.165759029,0.063069404,0.837917023,0.007660901,0.0826217,0.783843334,0.016026334,0.0,1.745761864,0.03830791,0.031404908,0.016704874,0.010760306,0.014245004,0.526408164,0.282249488,0.322951355,3.4,2.8,1.7,1.8,3.8,0.8,5.6
3.547540077,1.036344962,0.0,0.007099787,1.825510961,0.188424227,0.73818638,0.040364715,0.185568792,0.05837966,0.01858337,46.76844363,0.0,0.00599351,0.271475944,0.004768881,0.52443981,0.039013503,0.004524958,0.071512186,0.299100337,0.085764473,0.013765751,0.088208765,0.394365483,0.0,0.319769626,0.0,0.204982048,0.0,0.048342618,0.158973832,0.186530687,0.033012152,0.213669332,0.015872157,3.840550423,0.005623476,0.017001791,0.083657583,0.018953558,0.019430533,1.80828924,0.0,0.0,1.434122507,0.004376392,0.110374444,0.009257321,0.034102517,0.0,0.0,0.13437071,0.028281686,0.0,0.003281751,0.211960074,0.0,4.520605571,1.450221574,0.0,0.118058352,0.128892321,0.008452572,0.071312469,0.065763711,0.048298273,0.0,0.029759396,0.078088664,0.088980382,0.477680354,0.01139682,0.06826946,0.936018463,0.014665936,0.0,1.084382663,0.473518893,0.017986158,0.003018805,0.005933238,0.012511001,0.638637565,0.145583558,0.112221498,2.8,2.6,2.5,2.3,2.3,1.0,4.8
0.285573415,1.003873461,0.0,7.74449258,1.937978572,0.482172285,0.966341077,0.038860292,0.052999827,0.116843991,0.12972475,47.36511428,0.0,0.065585138,0.019296417,0.0,5.775764285,0.007848494,0.079328103,0.050627898,0.245222288,0.217492886,0.052900513,0.100246202,0.578377151,0.0,0.398121972,0.0,0.395607856,0.0,0.086455715,0.143878167,0.206573432,0.00302024,0.344199377,0.007439856,4.715292865,0.004141699,0.024120269,0.14470082,0.048294648,0.018038434,0.258260704,0.003999265,0.0,0.926242995,0.0,0.167175544,0.005186486,0.039224251,0.0,0.0,0.149129135,0.092881383,0.0,0.004553729,0.236232276,0.0,3.690832106,1.163767421,0.0,0.208044872,0.12785531,0.008095736,0.128035394,0.133023752,0.046044774,0.0,0.033947727,0.083025317,0.087687059,0.416726097,0.009431803,0.061630315,1.678686223,0.014330918,0.0,0.984114022,1.0451236,0.016568188,0.0,0.006947051,0.017235514,0.746760643,0.125042594,0.129733881,2.3,2.1,2.2,1.9,2.1,1.3,4.3
0.600187558,2.006697837,0.002114628,4.444490262,3.001569719,0.287887702,0.815167865,0.011434034,0.241293186,0.188753398,0.485577235,70.77555069,0.853336237,0.002392733,0.040892197,0.100070062,6.135671008,0.043035182,0.0166002,0.100697959,0.563662433,0.296507075,0.333318646,0.092411464,2.51791881,0.0,0.501307888,4.241972615,0.702909657,0.050043265,0.106626478,0.272381147,0.213604399,0.006201412,4.679033043,0.049324802,12.98645868,0.006522292,0.016498905,0.648653127,0.0,0.040603839,0.557592735,0.115682278,0.0,1.250655582,0.016194409,2.273068095,0.004281812,0.052510383,0.0,0.0,0.172548103,0.170912451,0.0,0.0,0.445031176,0.0,4.36110711,1.473258055,0.0,0.198619262,0.157564751,0.012752652,0.076035432,0.528511892,0.097343755,0.0,0.077422067,0.070686138,0.050372944,0.426079286,0.00337868,0.063857096,0.988069877,0.0,0.0,0.94351565,0.508440566,0.0,0.0,0.00856894,0.0,0.622710757,0.121829145,0.107670002,2.7,2.2,1.6,1.5,2.9,1.3,5.9
0.657983984,1.496891036,0.0,0.025138854,6.020222128,0.363737697,0.306606875,0.03081668,0.056871635,0.074687236,0.024016939,56.85989681,0.0,0.022656272,0.241223461,0.009836048,0.594406086,0.008150496,0.004575585,0.107939152,0.355344481,0.230690308,0.13153669,0.08364913,0.469878407,0.0,1.585655379,3.101229005,0.135468239,0.003592912,0.037373565,0.127491137,0.306430801,0.0,0.154244782,0.024299686,2.464857585,0.003937579,0.045400146,0.083614031,0.027205042,0.015029219,1.448750645,0.0,0.0,1.188191215,0.043094514,0.092809655,0.004860274,0.037232341,0.0,0.0,0.167003012,0.15201471,0.0,0.338925404,0.305427548,0.0,4.2501079,1.127155288,0.0,0.163033614,0.177112361,0.011663799,0.03685315,0.06681024,0.096990669,0.0,0.034638634,0.117797168,0.035788426,0.620804719,0.002939127,0.08195495,0.614752383,0.011116691,0.0,1.351782487,0.324904432,0.0,0.016829315,0.011208959,0.023592041,0.572830756,0.183957411,0.203028,2.6,1.6,1.6,2.1,1.8,1.3,5.2
0.090939238,1.067636499,0.0,2.102066347,2.789228817,0.448008595,0.763168839,0.01214404,0.071920136,0.0,0.020559442,44.01590509,0.0,0.0,0.27236278,0.0,0.410321128,0.012054287,0.003424759,0.095481724,0.305496849,0.281339833,0.04956484,0.07332638,0.565884854,0.0,0.383250902,2.424122043,0.339660149,0.0,0.050606389,0.173939921,0.226917434,0.223210124,0.530682236,0.02542777,5.05216904,0.004526872,0.01849414,0.195166804,0.0,0.01181568,0.724574881,0.009567299,0.0,2.230512657,0.008804614,0.470057522,0.004119318,0.03404192,0.0,0.0,0.19872637,0.044534792,0.0,0.015559397,0.210639945,0.0,7.441813313,0.63142326,0.0,0.140954938,0.247361631,0.01108953,0.149787816,0.1859365,0.02628588,0.0,0.034229619,0.125622002,0.032574598,0.754196698,0.006758384,0.071860797,1.274570603,0.0,0.0,1.209787219,0.495142398,0.0,0.0,0.008685922,0.0,0.605285428,0.120228323,0.104128285,2.1,2.2,2.4,2.1,1.7,1.4,4.0
0.494534171,0.41936504,0.0,0.02593131,1.998790085,0.518783296,1.15531555,0.102582423,0.007274606,0.09805414,0.009994347,39.60507917,0.0,0.008455707,0.033115613,0.0,0.310709352,0.015518066,0.012462564,0.204264152,0.19632654,0.232116032,0.093318042,0.058119357,0.453199151,0.0,0.308943749,2.114835663,0.174502114,0.0,0.078066631,0.190368199,0.173389498,0.0,0.243050585,0.01727981,3.3672233,0.004803236,0.037745665,0.114503057,0.01388754,0.011076722,0.313261661,0.012754895,0.0,1.015721217,0.0,0.099195616,0.004913727,0.032653767,0.0,0.0,0.155617609,0.162170619,0.0,0.132562703,0.183028919,0.0,3.470861833,0.697228642,0.0,0.195574274,0.132258214,0.011076162,0.121484625,0.062307153,0.038708818,0.0,0.026282714,0.078181096,0.041836199,0.385582417,0.002573786,0.069539683,1.333843624,0.0,0.0,0.90402228,0.262994029,0.0,0.01224561,0.004449221,0.012653238,0.59637279,0.126302211,0.141863412,2.4,2.4,1.8,1.8,1.9,1.6,4.3
0.013167487,1.907986755,0.010550187,0.056120213,1.989977058,0.55017609,0.732565566,0.015218969,0.081574066,0.091314839,0.024661727,69.24502378,0.0,0.018085991,0.257843703,0.054301847,0.810610652,0.005346329,0.0067072,0.119037131,0.471411607,0.204224612,0.044661599,0.065246173,0.654917186,0.0,0.296502281,4.314446925,0.217848716,0.0,0.037094109,0.215355626,0.996084943,0.012352712,0.284359027,0.032192422,9.229929675,0.005035528,0.024070984,0.127859367,0.022584968,0.019165416,0.86466595,0.01883246,0.0,1.289283696,0.015958851,0.20343532,0.004837118,0.051624775,0.0,0.0,0.16611521,0.172366338,0.0,0.010164051,0.366670713,0.0,4.317401294,1.54823767,0.0,0.207899964,0.156483978,0.012389475,0.015020098,0.081710441,0.072505868,0.0,0.019047115,0.082682893,0.049999069,0.457356494,0.001716032,0.058732808,0.276556999,0.0,0.0,1.027115077,0.305450303,0.0,0.0,0.0081363,0.016517011,0.360623602,0.113465473,0.118310791,2.4,2.1,2.1,2.1,2.4,1.1,5.0
0.008279448,1.259083072,0.013645902,0.03495079,2.036540652,0.608605298,1.239415524,0.016583849,0.016986252,0.174598212,0.029492184,47.83603333,0.0,0.002798508,0.025814964,0.006115377,0.214176945,0.005158723,0.007396741,0.186314472,0.240536761,0.207561022,0.05844706,0.064858959,0.561213585,0.0,0.362280683,2.433890462,0.157557665,0.0,0.028677942,0.178010257,0.201599895,0.490316119,0.222510845,0.020047562,4.013802984,0.004981956,0.02955484,0.086853063,0.007288413,0.012835871,0.375113702,0.002345036,0.0,1.616500469,0.074822511,0.110025923,0.004783903,0.032090728,0.002570102,0.0,0.188948897,0.211266442,0.0,0.359711788,0.211262246,0.0,6.362418786,0.605108038,0.0,0.235346639,0.208212335,0.012347222,0.082263702,0.075393583,0.047759773,0.0,0.030231845,0.221161821,0.063660367,0.750238117,0.002449631,0.097639679,0.894465663,0.014695065,0.0,1.793670037,0.344197663,0.018203423,0.010491003,0.013748772,0.015127943,0.47447823,0.240706565,0.488626305,2.5,2.1,1.8,2.0,2.2,1.4,5.2
0.231752978,0.814961266,0.0,8.282153221,1.819373051,0.419294351,0.94410584,0.034137154,0.340574951,0.046479041,0.043580648,47.51737138,0.0,0.028622224,0.030474536,0.008777692,0.464202956,0.03255183,0.005424324,0.077190278,0.275838947,0.194712541,0.043750208,0.076900601,0.821701149,0.0,0.277235177,2.697326763,0.196482794,0.0,0.063375581,0.179151586,0.198212924,0.767528515,0.652083074,0.018681284,5.221241067,0.004740484,0.044618633,0.212783319,0.017722933,0.017295911,0.394358542,0.003876345,0.0,1.639506895,0.042078445,0.163807726,0.005736898,0.065970281,0.00072698,0.0,0.195264855,0.259173496,0.0,0.210792106,0.33011015,0.0,5.939110255,0.963249992,0.0,0.228002258,0.222850234,0.012655282,0.051791689,0.088366922,0.100674854,0.0,0.035577313,0.162837184,0.124661331,0.803738064,0.009457726,0.093981721,0.610216754,0.011452618,0.008723541,2.077646063,0.220543896,0.034403441,0.020403425,0.008713249,0.029090719,0.489349578,0.276322994,0.255248618,2.8,2.3,2.4,2.0,2.1,1.0,4.7
0.507281616,0.934659994,0.0,0.030751192,6.920266764,0.36619051,0.475423558,0.02159312,0.036720526,0.0,0.021944875,39.41127357,0.0,0.10303425,0.244579983,0.006997245,0.845331269,0.008688816,0.003422053,0.082423209,0.233627249,0.320382318,0.193810744,0.093775042,0.436377589,0.0,1.817651121,2.057091381,0.117620631,0.0,0.036708409,0.192877119,0.322825137,0.168761991,0.262216748,0.015462154,1.82288407,0.004701132,0.019349808,0.107271322,0.0,0.00979859,0.41942462,0.004329188,0.0,1.013538729,0.0,0.204757277,0.005421986,0.025560043,0.0,0.0,0.136643878,0.0,0.0,0.025168886,0.1276996,0.0,3.137211895,0.942570978,0.0,0.166697209,0.118436562,0.012321687,0.088259505,0.06089011,0.042067976,0.0,0.065658663,0.036567556,0.029827845,0.384853165,0.00889628,0.046859339,1.10173085,0.0,0.0,0.715052648,0.132166294,0.0,0.0,0.006234442,0.013314877,0.525261002,0.089022933,0.088861265,3.3,2.8,2.1,1.7,2.4,1.3,5.9
0.376865697,0.988067916,0.0,3.253445995,1.941872007,0.417475911,0.710866714,0.024748804,0.105915373,0.105776656,0.033124158,46.84785724,0.0,0.0,0.315209722,0.005812883,0.422157562,0.021027179,0.004532917,0.050265951,0.244490521,0.188618969,0.039652961,0.079238003,0.567941507,0.0,0.265907071,2.602885496,0.16835067,0.0,0.043426308,0.170674479,0.23973882,0.176594514,0.491722317,0.017716265,4.863235807,0.006284909,0.018978606,0.138835075,0.0,0.013382987,1.160624415,0.01280797,0.0,1.192589547,0.0,0.080756052,0.007076685,0.031342134,0.0,0.0,0.131156673,0.050631589,0.0,0.006743048,0.207050734,0.0,4.15228456,1.374034886,0.0,0.162953033,0.133346302,0.010077036,0.056009883,0.066074106,0.043372677,0.0,0.021247769,0.092332107,0.078779044,0.483594578,0.007616976,0.049135693,0.590313669,0.0,0.0,1.070179344,0.336089465,0.0,0.0,0.009380717,0.014478816,0.379786526,0.119149126,0.081898016,2.6,2.6,1.2,1.3,1.6,1.2,5.0
1.263527927,0.827175497,0.0,0.029283155,2.146593768,0.6559362,0.765709139,0.218779583,0.329338246,0.128889885,0.017599193,31.71118058,0.0,0.030313248,0.320507619,0.0,0.720859418,0.033499713,0.009346827,0.084468982,0.208574767,0.309112299,0.068959973,0.078317527,0.484267256,0.0,0.331058563,1.702928194,0.188484251,0.0,0.062070711,0.187335066,0.252128399,0.206671479,0.249776829,0.013286238,3.271848923,0.003627673,0.018254169,0.155363816,0.0,0.008410594,0.476787998,0.003994135,0.0,0.868678018,0.007553977,0.040504234,0.007885516,0.027730824,0.0,0.0,0.119728246,0.048792968,0.0,0.028174583,0.104864904,0.0,2.935793472,1.343821467,0.0,0.127792493,0.099692409,0.009038962,0.175051439,0.056771304,0.017538043,0.0,0.015667686,0.045791901,0.096370614,0.31922581,0.006427733,0.036777103,1.369551915,0.0,0.0,0.739351992,0.111520551,0.0,0.0,0.010444568,0.011471442,0.566514899,0.0868746,0.067933526,2.2,2.3,1.6,1.4,2.1,0.8,4.7
0.23677521,0.442295533,0.0,1.060722693,7.326176908,3.021148707,8.515568357,0.018466027,0.219825488,0.317504164,0.030755862,48.38134002,0.0,0.0,0.066249611,0.008036595,0.406897908,0.017879735,0.0,0.348831427,0.242381084,1.512447848,1.541661918,0.123678792,2.241073059,0.0,0.800605766,2.695555418,1.626829106,0.0,1.072972926,4.796659432,0.179800888,0.072000817,0.510057746,0.021710033,14.82745888,0.249975184,0.016614203,0.528928461,0.0,0.043190907,0.980137195,0.072514434,0.0,1.881689876,0.0,0.28953902,0.014361952,0.046810116,0.0,0.0,0.16865222,0.03073732,0.0,0.199740126,0.198583382,0.0,7.905682379,0.834334177,0.0,0.19563828,0.10881117,0.011345732,0.820848071,0.117829223,0.025411772,0.0,0.029930663,0.136961568,0.128162807,0.924069223,0.008696516,0.040721338,3.093130227,0.0,0.0,1.713183647,0.086923759,0.0,0.0,0.018389258,0.008542396,0.91211296,0.107050242,0.027265941,2.2,2.6,2.7,3.0,1.8,1.9,3.4
0.0,0.47183556,0.0,0.81173255,4.41278464,0.578151356,3.443267266,0.182975461,1.961966541,0.335552951,1.003538796,11.07177108,0.0,0.062783028,0.155043646,0.15927793,71.19976162,0.017846075,0.015161823,0.06270796,0.07548558,0.730748501,0.426819185,0.112064134,0.930828813,0.0,2.025064412,0.562153399,0.591673191,0.027527681,0.196990539,0.560837465,0.566524759,1.108201154,0.482917427,0.0062286,3.636931592,0.030307712,0.032630714,0.282452664,0.0,0.0,0.442701228,0.032721451,0.0,1.062382107,0.181872465,0.852713139,0.017209352,0.028678677,0.0,0.0,0.624386627,0.254228991,0.0,0.104407312,0.068636851,0.0,4.679499497,1.155238752,0.0,0.175315838,0.251777602,0.011557509,0.363030802,0.070435156,0.030274443,0.162537541,0.180142342,0.146882187,0.135276199,0.609272683,0.010099109,0.098258456,1.13623029,0.0,0.0,1.720235398,0.012007143,0.0,0.0,0.016458509,0.00407577,0.394189869,0.276752207,0.308897568,2.6,2.4,2.3,2.6,2.4,1.7,4.2
0.06260125,0.347007581,0.0,0.024000624,9.755569553,7.216324441,24.17096632,0.015246075,0.173586845,0.131754581,0.010190158,23.84549587,0.080517474,0.005205194,0.14102783,0.016336706,0.21954322,0.002138812,0.0,0.191078523,0.110441848,2.680560574,2.920075612,0.115031022,6.461507764,0.0,1.53779494,0.929861686,2.857705113,0.00750824,1.619417562,5.973363263,0.256281471,0.502359542,0.151394143,0.010847858,15.74313778,0.706518946,0.033095815,1.130159272,0.0,0.048449767,0.716980334,0.108607616,0.0,2.246978752,0.03101095,0.15579827,0.007784364,0.041038055,0.002139379,0.0,0.252495558,0.110563396,0.0,0.144040782,0.080274093,0.0,8.99715363,0.893480147,0.0,0.176072532,0.362846704,0.011371429,0.492218938,0.070789529,0.028223092,0.016149442,0.022094497,0.214384235,0.184511197,1.063251657,0.012924349,0.095349476,1.939435088,0.0,0.007208279,2.355505166,0.017545545,0.04164134,0.025529295,0.018437282,0.00713729,0.551297348,0.319176774,0.231174756,2.4,3.1,2.7,2.2,1.9,2.4,4.2
0.051325451,0.76682836,0.0,0.018507982,0.457647718,3.538950173,11.65016527,0.010097938,0.148429672,0.50670589,0.017765729,27.38920142,0.021469231,0.011909191,0.175451535,0.008166871,0.191338816,0.0,0.0,0.147539928,0.143945552,2.175311184,1.375436438,0.126864186,7.506864562,0.0,0.017044743,1.635541802,2.824129422,0.0,1.368437017,3.270796526,3.081826333,2.349497741,0.1492195,0.01674828,0.31750227,0.514113702,0.048691428,2.397256861,0.020289191,0.029060624,0.316936195,0.166230397,0.0,3.316222124,0.193337027,0.130398737,0.009568143,0.044852039,0.000184376,0.0,0.346011924,0.317979484,0.0,0.229257516,0.184861162,0.0,16.0314575,0.998816595,0.0,0.318806153,0.733295997,0.023320988,0.872899434,0.074853484,0.059956836,0.151445175,0.043942933,0.518514939,0.091447503,2.429315889,0.013214564,0.192133369,3.104693944,0.009936022,0.033158119,5.266782998,0.013893292,0.103646916,0.063619572,0.009324676,0.006978114,0.876805149,0.752357141,0.92597189,2.4,2.5,2.3,2.3,1.9,2.0,4.6
0.090958429,0.805683118,0.0,0.033444895,7.812916601,2.47206374,8.303585419,0.018962458,0.040385608,0.475235027,0.013726964,30.0353348,0.0,0.0,0.151432934,0.015545952,0.236953062,0.006154004,0.0,0.175555077,0.038748228,1.302448292,0.950512121,0.150546939,1.284112501,0.0,1.256037759,0.223205144,1.23581271,0.0,0.053775629,1.036391935,3.030578717,2.910254646,0.713769385,0.004429317,4.401982694,0.101914268,0.076419734,0.498382091,0.041280789,0.0,0.186958373,0.049636914,0.0,2.719372571,0.258479765,0.0891451,0.01220935,0.082330548,0.0,0.0,0.34689155,0.631632552,0.0,0.252750004,0.037885916,0.0,11.51267946,1.578359346,0.0,0.290867394,0.502613114,0.023529746,0.840712366,0.085287845,0.032723314,0.13797408,0.034481638,0.263534824,0.151795754,1.278921586,0.010862042,0.172392781,2.745806704,0.014832557,0.009475809,2.398734368,0.034814103,0.053128053,0.037294844,0.016321341,0.006953468,0.773608134,0.353147809,0.495203645,3.1,2.7,1.7,1.7,3.1,1.9,5.6
0.250903929,0.475563045,0.0,0.026057131,1.230917948,0.359281922,0.193380297,0.305048134,0.007225133,0.022574641,0.048071416,34.17788504,0.0,0.026253569,0.166885395,0.006199621,16.48521599,0.02283273,0.0,0.086977382,0.261299439,0.090506402,0.02661094,0.10648673,0.291377095,0.0,0.226587823,2.901252675,0.130856358,0.0,0.034697809,0.097834879,0.280399254,10.66899804,0.387115249,0.024131125,4.729600241,0.0,0.090689682,0.107016263,0.025425072,0.020482676,0.481326965,0.024684007,0.0,1.237361944,0.103288942,0.084498873,0.00573484,0.048842918,0.000710208,0.00261129,0.206871582,0.396181573,0.0,0.405051681,0.34711687,0.0,5.295402577,0.986801761,0.0,0.292143576,0.219142329,0.027397901,0.045499543,0.086434397,0.111714373,0.108010446,0.054446679,0.128555126,0.135885899,0.659939982,0.006539742,0.096429937,0.686230025,0.014446624,0.00296447,1.516791261,0.087743306,0.023935596,0.015699626,0.011067294,0.030026733,0.626344425,0.23080499,0.289993934,2.7,2.4,2.2,1.8,2.9,0.7,4.9
0.569318533,0.381320168,0.0,0.032449943,4.038068192,0.167246084,0.104756225,0.324465228,0.147097137,0.086535967,0.016848149,34.53321828,0.0,0.019391456,0.330411623,0.0,0.432520602,0.026010732,0.004008659,0.074118432,0.211966832,0.099918738,0.026140498,0.045159413,0.181973132,0.0,1.240133443,2.883174724,0.116212439,0.00197326,0.051683801,0.06800171,0.289637951,0.541786968,0.304659922,0.019139162,2.816628179,0.0,0.032471593,0.061258979,0.01924533,0.014594129,0.697774042,0.002879258,0.0,1.11586373,0.034986848,0.134365719,0.005293891,0.03340087,0.000277889,0.0,0.155557272,0.193940901,0.0,0.094075684,0.305167767,0.0,5.007946142,1.092815047,0.0,0.225737078,0.173540825,0.011137896,0.164476909,0.066821255,0.074786025,0.006133715,0.099497678,0.142701743,0.016794358,0.666142039,0.009886547,0.073124175,1.574684145,0.005179575,0.048265741,1.51967723,0.103708981,0.024348025,0.011514117,0.011622023,0.014647762,0.720477073,0.206583174,0.214273412,2.9,2.8,1.5,1.2,2.8,0.7,5.8
0.45327706,0.525562319,0.0,0.017839171,1.162071331,0.483194993,0.410082109,0.114787969,0.011250776,0.191986664,0.039571727,24.35241219,0.0,0.160469151,0.34176447,3.096150056,0.426700749,0.126318152,0.012661021,0.079807656,0.164208704,0.180244345,0.020583424,0.041869773,0.308221982,0.0,0.189093028,2.250832241,0.192078428,0.442230084,0.062872871,0.11927696,0.426739426,0.468085849,0.356306638,0.015448342,5.723336157,0.005892254,0.03177913,0.087011026,0.019368897,0.011109257,0.357122183,0.001987662,0.382413114,1.775652919,0.022301841,0.11316254,0.006319852,0.040733216,0.0,0.001022779,0.214235132,0.156131615,0.0,0.12207826,0.241669707,0.0,10.91530829,0.706110331,0.0,0.26078981,0.321939059,0.011076411,0.429086944,0.066635498,0.068124451,0.0,0.043200848,0.371460437,0.110270442,1.734452228,0.009096433,0.113550656,3.480219764,0.01190882,0.018244423,3.738362403,0.063941298,0.068193815,0.013044403,0.011285931,0.014436744,1.939597693,0.402607458,0.202906664,3.2,2.7,1.8,1.8,3.8,1.0,5.8
0.518401634,0.592637225,0.0,0.022773505,1.008911726,0.152577458,0.283206833,0.39419447,0.177703758,0.093440046,0.041963467,28.59094611,0.0,0.029232188,0.026229798,0.003539905,0.625753027,0.030748922,0.003745248,0.035209735,0.244891596,0.248005923,0.02776775,0.038550452,0.291628611,0.0,0.114533971,2.507213695,0.223558266,0.0,0.045484098,0.136540696,0.356229294,0.323082677,0.203563743,0.020683474,3.903582766,0.0,0.022367029,0.160555125,0.017706579,0.015472633,0.350502142,0.0,0.0,1.197763913,0.013968246,0.118575057,0.014300454,0.02387073,0.0,0.0,0.157351639,0.08732551,0.0,0.071027933,0.229533238,0.0,6.293868391,0.525402447,0.0,0.099471744,0.190193459,0.009518259,0.021414731,0.061203871,0.053713558,0.0,0.032323405,0.180450973,0.067820937,0.426493551,0.007687812,0.069337066,0.297145161,0.008840747,0.007884274,1.904426859,0.090003868,0.024495919,0.016629963,0.007321835,0.019934155,0.324757852,0.212382285,0.136892434,2.2,1.8,2.3,2.7,1.7,1.0,4.7
0.331549537,0.684725855,0.0,0.020279309,1.516220107,0.133870795,0.187763031,0.040692743,0.007166184,0.065888029,0.004294858,30.50432902,0.0,0.026232644,0.017672153,0.018127673,1.075955848,0.02839495,0.00333231,0.038837342,0.252863304,0.126509432,0.028780657,0.033737405,0.187935768,0.0,0.188473877,2.302606003,0.090844426,0.004951374,0.033127525,0.117530365,0.520856457,0.350293958,0.173927904,0.019735377,3.306787444,0.0,0.027001218,0.061901961,0.01951582,0.012313116,0.395511704,0.007137912,0.0,0.961434605,0.0,0.067911527,0.009410056,0.02431712,0.0,0.0,0.142410317,0.103423716,0.0,0.006754894,0.205430776,0.0,5.052788674,1.314591053,0.0,0.182425195,0.173134448,0.005621959,0.009815991,0.058600736,0.050420832,0.0,0.027752152,0.130844979,0.102007624,0.649523271,0.007441234,0.053043193,0.186780166,0.006847326,0.0,1.411301315,0.049218072,0.0213912,0.0,0.01024619,0.015288311,0.27292582,0.146465705,0.109999748,2.1,1.8,2.6,2.3,2.0,0.8,3.8
0.054776886,0.099377742,0.0,0.122431997,1.093568965,0.270887795,0.511051127,0.010770917,0.141718853,0.041329524,0.015756067,14.43262266,0.0,0.053963962,0.030141129,2.829217384,0.647975416,0.006551991,0.0,0.031913441,0.112438048,0.301383648,0.027957238,0.038241502,0.564436731,0.0,0.144178693,1.287896836,0.759112822,0.404718797,0.103927355,0.155895182,0.204339572,0.283519115,1.703786699,0.014763034,12.05628895,0.006549648,0.015905913,0.242314672,0.013662475,0.00677229,1.030441116,0.005867079,0.491802019,1.187804531,0.0,1.280499609,0.010599992,0.047724623,0.0,0.0,0.151408101,0.053249251,0.0,0.049986022,0.100584827,0.0,5.845824036,0.452121848,0.0,0.194757574,0.18389178,0.005778818,0.323232174,0.217878976,0.02469361,0.0,0.031826029,0.160402915,0.052176708,0.848338705,0.006372487,0.077432056,2.898835313,0.0,0.00609161,1.862646578,0.570513131,0.0,0.0,0.010686874,0.014532559,1.480651847,0.202493631,0.142181639,2.7,2.5,2.3,2.7,2.4,1.1,4.3
0.178355763,0.640725263,0.0,0.019344634,3.913292882,0.140294131,0.095713967,0.419174948,0.006950385,0.076061884,0.009599547,27.63633491,0.0,0.038482005,0.020062289,0.005938309,0.288965531,0.045489369,0.005457394,0.052048939,0.236722909,0.145545856,0.04033765,0.039880346,0.12701217,0.0,0.664504696,2.622894207,0.131884533,0.002936719,0.036705205,0.074358597,0.174683172,0.347156227,0.192786281,0.024109384,3.961006807,0.003934376,0.032761152,0.066125517,0.020274536,0.015637436,0.545019165,0.002655175,0.0,1.467765219,0.0,0.121940664,0.007495728,0.028044489,0.0,0.0,0.178154662,0.110788584,0.0,0.023835343,0.265796636,0.0,9.207386095,0.685614883,0.0,0.224527822,0.312743406,0.005968484,0.173350212,0.077490603,0.059355112,0.0,0.037204076,0.265135955,0.029321704,1.257191815,0.006415475,0.108104346,1.238109905,0.009305465,0.011554655,2.627686962,0.073121493,0.034911381,0.012165609,0.008163899,0.014712699,0.549512471,0.262330573,0.192672624,2.4,2.1,2.3,2.4,1.8,0.6,4.4
0.0,0.71390844,0.0,0.021575763,3.015311747,0.139647604,0.113127399,0.411949651,0.182167976,0.118542133,0.03703467,35.68022018,0.0,0.049255125,0.016838413,0.0,0.342673095,0.035952142,0.003594001,0.042348695,0.208326907,0.113382491,0.03227152,0.053070452,0.226825072,0.0,1.179086087,2.747683685,0.156848792,0.0,0.021606349,0.074921136,0.183276547,0.301220048,0.417846854,0.018240808,3.132896421,0.0,0.023741867,0.063573972,0.022474434,0.013878311,0.896581443,0.0,0.0,1.015369172,0.0,0.084303522,0.010271993,0.027491576,0.0,0.0,0.14965242,0.083379067,0.0,0.049337984,0.233921469,0.0,4.933564082,0.717548972,0.0,0.214732262,0.156428281,0.014169934,0.400721604,0.063179253,0.043000768,0.0,0.021903157,0.121561163,0.088833138,0.646502061,0.003637491,0.064666975,2.478233262,0.0,0.0,1.468183293,0.111001347,0.014923729,0.0,0.01378755,0.00798674,0.851118408,0.150203004,0.100342479,2.7,2.5,1.9,1.9,2.8,0.8,5.2
0.177844859,0.685048972,0.0,0.014113713,4.184658634,0.107439698,0.042118976,0.069864098,0.099176223,0.037415386,0.009343874,34.26624652,0.0,0.005081573,0.240846946,0.007666731,0.346291743,0.015111304,0.016020894,0.070853599,0.183165519,0.057688972,0.011891818,0.061365606,0.075464944,0.0,1.930568922,2.267445954,0.024034903,0.00382985,0.01680212,0.040249005,0.174774649,2.303208119,0.132294845,0.01370125,1.390238386,0.004542972,0.052969004,0.04034199,0.056149741,0.019621546,1.81362657,0.0,0.0,0.585222897,0.138398832,0.082280104,0.012200252,0.035599951,0.010945533,0.002246852,0.216380906,0.681825216,0.0,1.230215261,0.319587613,0.0,7.932284192,0.767562247,0.0,0.225045398,0.261794719,0.01361765,0.101062189,0.065427002,0.109207329,0.232722711,0.05617183,0.243535294,0.123334035,1.205936092,0.008010863,0.121269872,1.044999153,0.01751691,0.013826722,2.758977336,0.145884171,0.04605254,0.021527161,0.008290663,0.00594457,0.752232406,0.467559315,0.236986101,3.2,3.0,1.7,1.6,2.6,0.7,6.1
0.54917473,0.505976895,0.0,0.022708642,3.105698282,0.102666231,0.07053194,0.034710464,0.15843399,0.062801227,0.02020971,27.97613232,0.0,0.025816068,0.294112555,0.0,0.265402904,0.028288661,0.003264827,0.028660875,0.223389188,0.113905186,0.031086569,0.046298174,0.125166369,0.0,0.782186807,2.346892433,0.106032638,0.0,0.039319362,0.06992827,0.210407158,0.379605827,0.206529483,0.017965328,3.199832005,0.0054097,0.017393762,0.049030142,0.018380725,0.009108097,0.761453719,0.001923155,0.0,0.704788241,0.0,0.106475766,0.008668679,0.022043907,0.0,0.0,0.113099129,0.066939338,0.0,0.028117303,0.173608247,0.0,2.997460558,1.238225097,0.0,0.153819163,0.110631254,0.008910461,0.028740829,0.061071103,0.032322872,0.0,0.020453468,0.063249876,0.094253245,0.392443367,0.004751869,0.040181751,0.644448355,0.0,0.0,0.934886378,0.068684181,0.0,0.0,0.010674359,0.013246412,0.452947721,0.134709773,0.145366324,2.8,1.8,1.8,1.6,2.3,0.4,5.2
0.09265623,0.649243161,0.0,0.024422227,2.309258775,0.165933421,0.088893197,0.047002319,0.250206323,0.048823073,0.012986593,29.19008664,0.0,0.038420676,0.342587232,0.0,0.38702074,0.022697898,0.003451157,0.048398261,0.189752571,0.122789044,0.086412499,0.031216767,0.13489689,0.0,0.611752166,2.475248443,0.092459902,0.0,0.024114771,0.043402304,0.175964132,0.54751405,0.14236533,0.015731398,2.128191424,0.00487713,0.041243842,0.03907653,0.021458349,0.020471726,1.762231214,0.0,0.0,1.657336884,0.0,0.071054183,0.007913537,0.038127369,0.0,0.0,0.219456064,0.092485337,0.0,0.07278392,0.281527192,0.0,9.588396398,0.551335962,0.0,0.233755078,0.264364441,0.009186711,0.06529201,0.056795054,0.076527275,0.0,0.033408064,0.224553993,0.022634313,1.091372182,0.010555581,0.083941534,0.660154084,0.009876885,0.007447556,1.927889439,0.11968374,0.026393711,0.016175775,0.009084402,0.021716845,0.437963244,0.242270587,0.176242372,2.7,2.2,1.9,2.0,2.2,0.7,5.2
0.305965221,0.268740172,0.0,0.007343193,0.539995042,0.167355597,0.085417723,0.04393328,0.006977601,0.015432314,0.008107017,0.097160355,0.000137477,0.05020367,0.021592265,0.0,0.18768108,0.053278982,0.004209769,0.001602115,0.00036628,0.008572846,0.021208212,0.097054636,0.035399903,2.50675e-05,0.0,0.0,0.114334924,6.76208e-05,0.046361204,0.000340948,0.237962006,0.000731667,0.15342168,0.001890926,0.0,0.004360198,0.000453984,0.067439998,0.021457151,0.000865944,0.500503559,0.002235572,0.0,0.065481566,0.001266751,0.003074536,0.00615912,0.000634207,0.002923563,0.001184563,0.0,0.018970571,0.0,0.140285028,0.287545542,0.000489609,0.109059038,0.005346697,0.0,0.003479725,0.181164961,0.012548827,0.193628892,0.050475949,0.07308412,0.009487653,0.03462185,0.136763563,0.120565483,1.034920616,0.004843886,0.105077244,1.612613499,0.012969832,0.0,2.156831737,0.040815593,0.046646225,0.000490311,0.00899006,0.001771122,0.651491585,0.286958274,0.312649897,2.3,2.6,1.9,2.3,2.7,0.6,5.2
0.005964667,0.847154625,0.0,0.03376616,0.816992939,0.284922917,0.633930691,0.008845299,0.167421029,0.132308398,0.055897753,32.99296811,0.0,0.003424346,0.007218434,0.004603697,1.109678174,0.008524014,0.001747592,0.115366447,0.238737618,0.155543432,0.016057358,0.04549339,0.365759014,0.0,0.19878436,0.003049178,0.132181424,0.0,0.010761257,0.108953365,0.223554452,0.27398058,0.158651891,0.019704869,3.743816861,0.004664694,0.029422154,0.06452409,0.016225813,0.006198383,0.550851068,0.001090923,0.0,1.223344033,0.013551404,0.113570349,0.007521464,0.044608211,0.0,0.0,0.160568619,0.087543404,0.0,0.022561601,0.151793478,0.0,4.351936617,0.898286462,0.0,0.187878097,0.152682725,0.01250745,0.153787225,0.072681968,0.034890278,0.0,0.048982647,0.078466421,0.022039492,0.457381872,0.004157461,0.067508888,1.275311231,0.011075581,0.0,1.026194088,0.035047518,0.013739374,0.012501897,0.010016212,0.0,0.612748975,0.170825936,0.150595044,2.8,2.7,1.9,1.5,2.7,1.0,5.3
0.077919087,1.258694386,0.0,8.417310842,1.302153135,0.268758873,0.188347324,1.064640697,0.241531128,0.027614015,0.053712245,56.40566927,0.0,0.011066281,0.158840376,0.008782731,6.20066327,0.009330722,0.0,0.058181331,0.322177428,0.040969809,0.006997325,0.04177006,0.234542098,0.0,0.359626066,0.019762483,0.245181772,0.001639293,0.26772187,0.06156817,0.237412836,0.136699636,0.229347229,0.026710607,4.006598053,0.004613292,0.019392496,0.068269235,0.013163555,0.01727394,1.460790362,0.0,0.0,1.171275354,0.008297065,0.489002561,0.005012081,0.031831659,0.0,0.0,0.111411415,0.045883724,0.0,0.073334905,0.392861433,0.0,5.827139505,0.571022808,0.0,0.187127622,0.133784697,0.010384941,0.519550406,0.119333592,0.091933021,0.0,0.02961428,0.128411144,0.034393334,0.634444628,0.005061164,0.063987863,2.727404405,0.018749168,0.0,1.268262524,0.163666568,0.021033846,0.0,0.009192138,0.022480252,0.891368752,0.130808632,0.096365025,2.1,1.8,2.2,1.7,1.5,0.7,4.3
0.385948684,0.539886018,0.0,0.01063343,1.54142981,0.159126904,0.252199648,0.237962691,0.050358818,0.131848381,0.031149601,29.22109121,0.0,0.017033739,0.010483523,0.0,0.277927299,0.024823441,0.063103781,0.044882782,0.145442106,0.11206503,0.053284447,0.013619494,0.368373859,0.0,0.53752481,0.0,0.24375369,0.001404411,0.032724213,0.241097355,0.228470744,0.312310876,0.275984333,0.012063509,2.14592442,0.004028572,0.034058863,0.114230593,0.012265696,0.018746774,1.701700359,0.01986353,0.0,3.507913148,0.010022039,0.080345261,0.003935273,0.036721259,0.0,0.006586954,0.305552646,0.025673951,0.0,0.009740615,0.290428077,0.0,36.21348691,0.737803009,0.0,0.304093096,0.610251441,0.012246614,0.202132258,0.065041368,0.085412443,0.0,0.041309539,1.17904257,0.034364913,5.452113335,0.003838448,0.219166312,1.385326594,0.019881672,0.0,9.503710244,0.044772144,0.202756527,0.037492988,0.003809644,0.007628217,0.675344433,0.728002921,0.339467575,1.7,1.5,2.3,1.7,1.6,1.0,3.6
0.479170405,0.601912672,0.0,0.00522138,1.293678678,0.858188036,0.143906644,0.091299008,0.390362038,0.199646862,0.108669319,32.56980655,0.0,0.114950629,0.006061788,0.004689183,0.715633628,0.099748599,0.008743109,0.03682422,0.243540048,0.184414254,0.024378627,0.017372898,0.244196043,0.0,0.176455253,0.0,0.22986058,0.003054756,0.060223628,0.15439353,0.145906157,0.195391903,0.182891173,0.029087835,3.17928212,0.005418662,0.02692879,0.086234025,0.015687157,0.012109501,1.217206615,0.007691891,0.0,2.558910153,0.005641871,0.120806411,0.007724276,0.044710349,0.0,0.00359245,0.245174453,0.040425743,0.0,0.004541753,0.22395701,0.003454218,19.15998879,1.236628551,0.0,0.217980248,0.504301675,0.0130986,0.038875536,0.060938136,0.052996422,0.0,0.705331303,0.533865743,0.04702534,2.552072544,0.005176423,0.144426346,0.364260175,0.015131264,0.0,4.087713056,0.163948182,0.063783264,0.018204863,0.011688166,0.002548547,0.31930552,0.363178649,0.18069017,2.5,2.7,1.7,2.1,2.3,0.8,5.4
0.554212509,0.512296303,0.0,0.005132124,3.293238393,0.202319321,0.054283181,0.247284459,0.015308482,0.09367885,0.066831192,21.89959136,0.0,0.016873729,0.017295373,0.0,0.440886668,0.01488345,0.003409202,0.034633484,0.145654957,0.070979904,0.065516528,0.02043259,0.197817873,0.0,1.149732586,0.0,0.080851854,0.001597155,0.03520166,0.065920493,0.144047132,0.444943694,0.114271757,0.013922054,1.798469633,0.00540457,0.034998211,0.035378808,0.031094977,0.011800941,1.045849188,0.003661365,0.0,1.090410817,0.024715167,0.071040301,0.009445915,0.028178436,0.0,0.0,0.161449168,0.111548227,0.0,0.118184855,0.16654547,0.0,8.96509152,2.196179975,0.0,0.208858179,0.263832294,0.00993273,0.620420613,0.062825276,0.057689402,0.007033729,0.035427,0.239656092,0.046073397,1.142165628,0.015106817,0.089584887,2.92505647,0.011364698,0.0,2.450451739,0.029354345,0.036853946,0.024235119,0.011170199,0.025754238,1.136300981,0.278771457,0.216174166,3.1,2.5,1.3,1.4,1.8,0.6,5.5
0.477632936,0.977661095,0.0,0.273226418,2.492257141,0.72593454,0.031459021,0.082684566,0.405640748,0.282992973,0.081379987,38.40061052,0.0,0.278300507,0.017867081,0.162469971,0.711702215,0.085853995,0.014115896,0.195095258,0.280751891,0.143649706,0.042536692,0.061341705,0.493206655,0.0,0.482489035,0.0,0.203795772,0.032585811,0.06473227,0.150316033,0.130512727,0.480680778,0.408003715,0.028470931,3.743641913,0.006003214,0.055808119,0.100340465,0.034425498,0.034885171,3.165510956,0.008028395,0.0,0.0,0.030930612,0.194335783,0.004928905,0.12458888,0.0,0.007546338,0.673861087,0.129194085,0.0,0.156152301,0.499249094,0.001287904,44.54626936,0.798877105,0.0,0.287721602,1.978435721,0.020037995,0.128889855,0.080905974,0.145277364,0.016016625,0.066171419,2.665883398,0.019289183,10.77251012,0.012547284,0.498898082,0.470975553,0.018596262,0.0,21.62063323,0.07736117,0.486831775,0.127367497,0.012092188,0.00407927,0.454659925,1.754194974,0.670110397,1.8,2.2,1.7,1.7,2.2,0.8,4.6
0.316225574,0.467921738,0.0,0.003803459,2.354485742,0.367834471,0.123484927,0.02381665,0.072421728,0.064258726,0.034536956,22.67767671,0.0,0.012008431,0.00457061,0.00162583,0.360385116,0.014265902,0.135494838,0.030262453,0.192686803,0.351276331,0.039543668,0.128749573,0.338376534,0.0,0.383586875,0.002073868,1.220478067,0.0,0.02972192,0.172630401,0.20074976,0.262926664,0.114535295,0.015639866,3.086892029,0.005170273,0.010268696,0.178266387,0.016609139,0.00542642,0.58735077,0.003619554,0.0,1.179818717,0.006891535,0.068301741,0.009656037,0.026283943,0.0,0.0,0.127811434,0.04013719,0.0,0.054447395,0.09622531,0.0,6.328573502,0.674479781,0.0,0.161786485,0.187268834,0.004436657,0.308182685,0.055422834,0.021532021,0.0,0.024702974,0.133793913,0.077421593,0.693086366,0.012030201,0.062608524,2.0334089,0.012981916,0.0,1.797402756,0.030978936,0.014424757,0.010065283,0.010796883,0.0,0.783102778,0.195615136,0.142237362,2.6,2.7,2.2,2.2,2.1,0.7,4.9
0.497226776,0.758682285,0.0,0.718547164,1.150748054,0.494591886,0.610905884,0.070475117,0.137369802,0.760242378,0.031858306,34.03105565,0.0,0.040690004,0.016144778,0.0,0.468695202,0.072523463,0.015608576,0.032058143,0.28278329,0.111472863,0.013037298,0.096381678,0.138993065,0.003202124,0.200485389,0.0,0.351807843,0.001075159,0.116853093,0.249120199,0.170683773,0.312670614,0.317775583,0.024113725,6.215337834,0.004755,0.030518607,0.147531511,0.019165593,0.01519577,1.801374201,0.015219856,0.0,0.622051049,0.014048931,0.212957491,0.007372613,0.027895007,0.0,0.004257655,0.17063282,0.074020405,0.0,0.090140402,0.223899479,0.0,7.53686382,0.679292217,0.0,0.20910415,0.278674676,0.009860011,0.614504747,0.113781131,0.0763267,0.0,0.048981524,0.226102955,0.093939465,1.064223223,0.009696885,0.09762377,2.851388917,0.01285667,0.0,2.356798662,0.377768948,0.038554293,0.020041456,0.011727056,0.004572844,1.131792069,0.247338306,0.154823026,2.8,3.2,1.6,1.5,2.9,1.0,5.6
0.286796522,0.48549916,0.0,0.004191564,2.622498629,0.44023646,0.175948869,0.130811884,0.126156453,0.051586801,0.020306977,22.07166765,0.0,0.004491312,0.011796819,0.001808626,0.315607515,0.024477306,0.016899658,0.027240016,0.194063142,0.373456638,0.007460399,0.057983777,0.338260755,0.0,0.850207244,0.0,1.339320017,0.0,0.024152089,0.166267105,0.215139143,0.152382955,0.110069209,0.007320076,2.372032964,0.003376434,0.015864405,0.194955931,0.014576977,0.002679867,0.283457639,0.0,0.0,0.760552102,0.006172077,0.058612092,0.005665983,0.024215376,0.0,0.0,0.08933086,0.030617506,0.0,0.050619282,0.102377237,0.0,3.547789899,0.643961717,0.0,0.130256353,0.14177814,0.008018724,0.296050477,0.051211943,0.023823014,0.0,0.026273009,0.071555368,0.179994424,0.394308283,0.010747717,0.044319305,1.86619375,0.011409041,0.0,1.054179687,0.043330894,0.017056147,0.005774694,0.010871274,0.0,0.741795443,0.124984867,0.086998328,2.5,2.5,2.2,2.5,2.3,0.9,4.6
0.005729698,0.918119979,0.0,0.00581292,2.790141098,0.274672774,0.130555785,0.029705523,0.154617148,0.150769252,0.035832391,44.62595427,0.0,0.007517614,0.002260734,0.004668176,0.443681295,0.019233014,0.002721887,0.038041718,0.248389607,0.117509526,0.039640244,0.053127562,0.219742482,0.0,0.581443566,0.0,0.118490103,0.002816155,0.016242506,0.108132586,0.193326333,0.218698848,0.148436127,0.017602998,4.35524026,0.006273062,0.027925689,0.079204095,0.022446113,0.009467878,1.075254334,0.0,0.0,0.996336715,0.007196106,0.075314832,0.003541085,0.023881413,0.0,0.0,0.105516656,0.042695201,0.0,0.006581973,0.20827346,0.0,5.184253305,1.007534048,0.0,0.160724202,0.152377241,0.008896234,0.05216463,0.05908062,0.04138726,0.0,0.026078185,0.118769543,0.04709979,0.594947377,0.011688109,0.046299264,0.537612689,0.011915994,0.0,1.452723677,0.021573225,0.026247084,0.004140322,0.009848773,0.0,0.364869388,0.130754654,0.087860854,2.7,2.4,2.7,1.7,1.6,0.9,4.3
0.443377294,0.654818812,0.0,0.006612664,1.89576126,0.577497982,0.221706587,0.111592524,0.572700216,0.149658162,0.013647916,31.50346061,0.0,0.14559928,0.007640363,0.0,0.24778026,0.111004952,0.008279158,0.031536484,0.212919171,0.112574596,0.031408723,0.052376203,0.026885155,0.0,0.201266962,0.0,0.142854476,0.001549271,0.035235942,0.124352372,0.542118774,0.133911933,0.132974172,0.012995069,2.6371903,0.003973215,0.021963586,0.055693809,0.014265666,0.003535178,0.491399044,0.0,0.0,1.350950407,0.003497272,0.05304522,0.00378789,0.023441254,0.0,0.0,0.126734238,0.013657744,0.0,0.002825476,0.078159203,0.0,6.705698752,1.044160384,0.0,0.151328151,0.167817693,0.008816176,0.019849216,0.053471286,0.028209107,0.0,0.015451296,0.142359024,0.026225306,0.791259224,0.012180771,0.048388956,0.333871991,0.019186536,0.0,1.361079909,0.031833463,0.025633562,0.004166255,0.009714717,0.002157185,0.301324654,0.152370601,0.075234127,2.3,2.6,1.6,1.7,2.1,0.9,5.0
0.327620561,0.684412219,0.0,0.005010064,2.231131571,0.990917246,0.115426982,0.038022102,0.156523919,0.112419345,0.01897526,36.36487206,0.0,0.039661524,0.005419423,0.023372618,0.367884984,0.043189188,0.005615278,0.043798312,0.310787427,0.121077434,0.014488881,0.061153182,0.031138793,0.0,0.272210761,0.001953121,0.120241819,0.009273164,0.037400454,0.103796543,0.482452497,0.118549369,0.15359742,0.022237149,3.573918751,0.005087318,0.019075888,0.047326776,0.019584121,0.006776559,1.001840074,0.003993477,0.0,1.658770815,0.00495742,0.059828146,0.002361828,0.028686756,0.0,0.0,0.200894152,0.016317215,0.0,0.006254154,0.134209084,0.0,11.1352979,0.930054729,0.0,0.187925742,0.339957336,0.007550187,0.012108881,0.057871647,0.023294073,0.0,0.025920569,0.273595948,0.067182079,1.336231598,0.009403754,0.084273929,0.146286491,0.007694219,0.0,2.410797041,0.018798829,0.038403682,0.008797235,0.005324632,0.0,0.232429894,0.188303777,0.068814359,2.3,2.5,1.7,2.3,2.4,0.7,4.9
0.52255665,1.316229181,0.0,0.013134148,4.999605058,0.495537402,0.12818908,0.04513593,0.01508832,0.103716684,0.061422675,63.49645377,0.0,0.029105475,0.01192572,0.0,0.268542585,0.02386079,0.004170528,0.025122189,0.547565108,0.003749428,0.103647167,0.040260263,0.322399569,0.0,1.039989379,0.008409755,0.042391165,0.002380589,0.033807475,0.096100298,0.588079246,0.148024391,0.253749603,0.032091271,5.112548145,0.00330929,0.015037073,0.058647661,0.024009028,0.030840681,1.042229524,0.0,0.0,1.03323955,0.006855117,0.065190249,0.003256619,0.024912805,0.0,0.0,0.116758058,0.074438801,0.0,0.065181886,0.373898381,0.0,4.260086077,0.787927326,0.0,0.157073271,0.13023904,0.010051917,0.39948578,0.056796505,0.056767414,0.0,0.011993133,0.071019025,0.032482967,0.44363506,0.012232503,0.034406054,2.157787771,0.014765807,0.0,0.839130785,0.095596736,0.011907405,0.002594509,0.007149981,0.0,0.79432682,0.092341725,0.060170031,2.9,2.6,1.7,1.3,2.3,0.6,5.8
0.16936662,1.130898798,0.0,0.010759767,4.083442763,0.672593608,0.107100142,0.082008452,0.396047736,0.158685618,0.101597902,50.91905637,0.0,0.104801725,0.006687775,0.009054794,0.287889513,0.102568227,0.005123417,0.081588738,0.343643965,0.147632048,0.028354947,0.036669893,0.268769465,0.0,0.582353854,0.0,0.208792699,0.004310165,0.044927151,0.127416586,0.50765083,0.273732873,0.191342783,0.036196476,3.961614052,0.00410721,0.040978173,0.082131345,0.036583208,0.030781558,2.77300525,0.00388402,0.0,0.0,0.025569089,0.099507591,0.003603032,0.036755336,0.0,0.004013104,0.494582312,0.130241894,0.0,0.090608304,0.493658028,0.0,22.11936366,1.016658236,0.0,0.311495682,1.260946869,0.016977299,0.091487458,0.068940798,0.129897143,0.012087775,0.051059679,1.526239526,0.055442248,6.659488711,0.003560898,0.324123018,0.425494766,0.015756707,0.0,11.37369495,0.041678593,0.240450757,0.062728313,0.006616174,0.002927648,0.406265273,1.034419527,0.500745744,2.8,3.0,1.9,1.6,2.9,0.5,4.5
0.276457766,0.37770836,0.0,0.009608667,3.124496344,0.372769251,0.417113586,0.025740729,0.080902676,0.068522477,0.013705809,21.75367365,0.0,0.012549102,0.004044472,0.0,0.263206337,0.01646037,0.002119783,0.021613503,0.197197302,0.297290465,0.093616927,0.038578427,0.372979543,0.0,0.573123977,0.002094382,0.68487003,0.0,0.017834585,0.176369735,0.629089303,0.176580744,0.104977552,0.016453061,2.944089391,0.005014618,0.025515975,0.17838788,0.01995617,0.005813415,0.626144452,0.0099449,0.0,1.139952827,0.008567523,0.05672809,0.002983891,0.020178169,0.0,0.0,0.122531341,0.043278097,0.0,0.050570501,0.100249755,0.0,6.695631156,0.818361231,0.0,0.158561735,0.223340926,0.007688777,0.274151201,0.051850148,0.017413103,0.0,0.036637311,0.170566135,0.022970382,0.813655085,0.003917363,0.073556846,1.687133167,0.011401908,0.0,1.83663755,0.061071396,0.031720334,0.011138067,0.004263544,0.013648288,0.635465587,0.200543023,0.125384925,1.9,1.7,1.9,1.3,1.8,0.8,4.0
0.436368432,0.700625436,0.0,0.010160919,2.198992612,0.314971157,0.271983899,0.035534397,0.148304411,0.076755419,0.015438721,30.25755875,0.0,0.030346094,0.014317618,0.001989608,0.297717391,0.038082289,0.020314185,0.057790012,0.163749553,0.117444142,0.010314925,0.048633143,0.367493177,0.0,0.198404364,0.038136254,0.19306848,0.001881067,0.035997108,0.118171827,0.493424565,0.346711427,0.196196892,0.010538654,3.318230351,0.00393379,0.025289937,0.086225181,0.037823559,0.008088222,1.654725639,0.0,0.0,0.57141182,0.02311249,0.137427783,0.009513235,0.022688084,0.0,0.0,0.082255446,0.16087677,0.0,0.113898377,0.237100977,0.0,3.01852023,0.594456037,0.0,0.148663508,0.113379101,0.010422485,0.112399987,0.062014997,0.052557831,0.005733259,0.022526042,0.073625551,0.124667677,0.378020192,0.003612682,0.04469726,1.193172489,0.010500063,0.0,1.039362521,0.02892986,0.016370762,0.014495873,0.004753802,0.002394708,0.625610509,0.155312081,0.194755538,2.1,2.2,1.8,1.8,1.7,0.6,4.0
0.006189456,0.867039522,0.0,0.006549196,3.437152341,0.374905334,0.055862288,0.050089678,0.163141354,0.083360136,0.026228522,44.20961147,0.0,0.029412827,0.006841856,0.003474338,1.216598284,0.031950239,0.022436357,0.046279351,0.39199591,0.193593993,0.010742912,0.050635446,0.244990876,0.0,0.555340816,0.029054466,0.14272232,0.000502518,0.016806454,0.101731668,0.157438515,0.250096113,0.175690542,0.028885066,4.405242019,0.004612771,0.029952217,0.083270166,0.025378428,0.006502363,2.018816396,0.0,0.0,0.893760211,0.013730279,0.068882653,0.004911131,0.030249517,0.0,0.0,0.127012208,0.116288261,0.0,0.053685012,0.300415922,0.0,4.944191818,0.704128454,0.0,0.175132151,0.173663712,0.013828646,0.096560135,0.061093567,0.08132555,0.001563683,0.033718098,0.112574277,0.065808874,0.549146611,0.003149328,0.060313273,0.842549107,0.012818534,0.0,1.241422848,0.045131556,0.019070233,0.01126025,0.006878656,0.012757494,0.463411152,0.15362601,0.134882083,2.8,2.8,1.1,1.3,1.3,0.7,5.3
0.327146194,0.428085243,0.0,0.017771013,6.17205596,0.509516387,0.069404468,0.068799027,0.151000594,0.122669481,0.043936466,18.96963011,0.0,0.063247671,0.00535419,0.0,0.753248232,0.042513821,0.008511379,0.038847277,0.200616535,0.147160515,0.013842215,0.051110664,0.160661471,0.0,1.774036831,0.0,0.136916494,0.002673326,0.046544102,0.088690791,0.309056215,0.268830553,0.230060409,0.01298001,1.972872536,0.006025638,0.031018292,0.052815437,0.017806493,0.003508774,0.47415189,0.004945771,0.0,0.664497477,0.009009819,0.061166961,0.008593499,0.014774077,0.0,0.0,0.11612312,0.062819699,0.0,0.034500328,0.093123296,0.0,3.430335599,1.014567581,0.0,0.167686057,0.169204771,0.011792138,0.150230928,0.057485922,0.021105217,0.0,0.047099767,0.096340768,0.102368612,0.4687175,0.002921143,0.062344809,1.184423253,0.013438809,0.0,0.988865801,0.112652535,0.013126375,0.013402613,0.004916993,0.013944284,0.573937386,0.133705109,0.110896941,2.4,2.1,1.5,1.1,1.7,0.3,5.0
0.556326119,0.529999097,0.0,0.009940724,3.949203603,0.347659143,0.066816332,0.046434859,0.201505426,0.103106175,0.25307303,27.21075834,0.0,0.015898741,0.002504494,0.004046657,0.918907621,0.031726836,0.022696878,0.025205055,0.193414852,0.170620543,0.00945508,0.054003977,0.249749673,0.0,0.457681925,0.005289381,0.119578906,0.001335769,0.019177656,0.135960474,0.203303667,0.133457314,0.228161178,0.009794765,2.938113816,0.009271215,0.014273675,0.070803321,0.013322719,0.002336144,0.826449483,0.015966717,0.0,0.392311157,0.007330395,0.073771372,0.004179322,0.020955528,0.0,0.0,0.069412914,0.020507687,0.0,0.012218907,0.05927976,0.0,2.201627109,2.882069635,0.0,0.12347826,0.090107939,0.00769891,0.008272444,0.053308761,0.022321816,0.0,0.016285562,0.029522999,0.053620778,0.152228947,0.00949302,0.0295028,0.182166623,0.013977271,0.0,0.537660465,0.061909742,0.008949149,0.004781594,0.004766148,0.0,0.187042223,0.051022868,0.048859482,1.5,1.7,0.8,1.7,1.1,0.7,4.0
0.2590745,0.296614756,0.0,0.007906793,4.553255808,0.224985382,0.094048066,0.030370914,0.110396531,0.107071027,0.082819029,21.13128846,0.0,0.006243758,0.007862135,0.006349349,0.31144964,0.021393017,0.016474103,0.040905104,0.120898564,0.160150063,0.008708114,0.057036329,0.337733234,0.0,2.798988922,0.006590685,0.138358581,0.001924912,0.026466677,0.127532184,0.309768012,0.376388499,0.402849718,0.007038661,1.442681267,0.0019706,0.029106926,0.094529785,0.01766394,0.001550238,0.685929877,0.0,0.0,0.772166774,0.02401483,0.059353839,0.006489166,0.024089679,0.0,0.0,0.1336182,0.110376147,0.0,0.101423764,0.096514464,0.0,5.045233305,0.583509769,0.0,0.216103595,0.186593027,0.010109227,0.344086845,0.065727918,0.025897851,0.00632585,0.025251685,0.142519547,0.105921685,0.724644288,0.005263211,0.069109998,1.93235615,0.00943367,0.0,1.461591033,0.053202806,0.022959829,0.014646753,0.01227777,0.016967691,0.754663721,0.194862339,0.164036714,3.2,2.6,1.5,1.4,2.3,0.7,5.5
0.007650804,0.347213066,0.0,0.023392004,1.752618551,0.408421316,0.122207045,0.016804653,0.025851938,0.143656356,0.021838383,24.23413597,0.0,0.024206214,0.029627318,0.004102557,0.604309277,0.005772269,0.007264003,0.02904084,0.165458017,0.084373585,0.055729859,0.059339624,0.35404849,0.0,0.259987841,0.025447872,0.116842035,0.001499711,0.012375849,0.104337222,0.34638782,0.338497356,0.191276864,0.01130558,2.328134073,0.003315821,0.028030776,0.050703781,0.032281317,0.002225946,0.906005508,0.0,0.0,0.907157445,0.012684802,0.085362459,0.003878092,0.027914895,0.0,0.0,0.134623535,0.0987149,0.0,0.023137245,0.094672693,0.0,5.479757102,0.794818884,0.0,0.175746869,0.190554778,0.011327368,0.166240806,0.058885625,0.024088373,0.002558422,0.032103526,0.14356203,0.015281361,0.7116634,0.004158721,0.068610234,1.175223233,0.013981723,0.0,1.496269906,0.079014259,0.016229493,0.012940255,0.012500714,0.011148047,0.560259318,0.163087073,0.164131601,2.6,2.5,2.2,2.0,2.4,0.6,5.2
0.004506218,0.519867351,0.0,0.007103116,2.218677011,0.303353589,0.118667063,0.014003931,0.077235759,0.128490359,0.015286281,23.4871491,0.0,0.011600242,0.007832601,0.0,0.199207168,0.005700733,0.004362348,0.037020831,0.173792977,0.090241869,0.045269652,0.034274601,0.180702901,0.0,0.292321343,0.13502143,0.073931709,0.000535794,0.007107185,0.09605299,0.31258513,0.127392317,0.092703402,0.009648522,1.748148634,0.003523121,0.015658319,0.04768142,0.012111506,0.004943754,0.671747828,0.002299107,0.0,1.3122016,0.006282914,0.041542812,0.002480289,0.020862713,0.0,0.0,0.100721551,0.016649797,0.0,0.043173634,0.077758168,0.0,6.411581105,0.90551314,0.0,0.113285171,0.158035515,0.007410739,0.211787692,0.051792417,0.018147835,0.0,0.016397818,0.127798169,0.072272173,0.744592551,0.004360141,0.038086589,1.504453559,0.011440972,0.0,1.19532702,0.040144977,0.019895571,0.002661456,0.012800992,0.001549827,0.550881396,0.087491252,0.065602911,2.5,2.3,1.5,1.5,3.4,0.9,5.3
0.025806078,0.667514795,0.0,0.015181051,2.457764523,1.548253779,0.114232687,0.381732055,0.287239345,0.314078058,0.214882635,37.28493055,0.0,0.044829922,0.008434734,0.046711629,0.488246491,0.036451492,0.00637993,0.009798012,0.211904023,0.126132622,0.039523291,0.031827258,0.327238056,0.0,0.213381045,0.018008161,0.167691153,0.003850552,0.027194631,0.076312577,0.364937888,0.237902604,0.265305702,0.016274111,3.877574236,0.005201937,0.029170806,0.102624764,0.01170327,0.012336478,0.592815721,0.004425483,0.0,1.458263626,0.006394652,0.120944565,0.007975596,0.025189657,0.0,0.0,0.129897237,0.056679191,0.0,0.021130615,0.287621071,0.0,7.472929598,1.391029768,0.0,0.276884559,0.186850922,0.020984607,0.013209813,0.061613766,0.068345365,0.0,0.006428333,0.218120757,0.077597953,1.102883507,0.003839321,0.059044283,0.115851483,0.013348116,0.0,2.265516563,0.139644133,0.04731436,0.005772672,0.009108646,0.002204328,0.234162719,0.19146031,0.114772424,1.5,1.1,2.1,2.1,0.8,0.6,3.3
0.009991119,1.002637954,0.0,0.008372957,3.297451129,0.249598271,0.073211687,0.034202765,0.061125276,0.069795402,0.034627991,46.62464153,0.0,0.005637673,0.003924595,0.003211958,0.962036376,0.00906166,0.007635739,0.035837153,0.513710008,0.179093032,0.111755247,0.033263461,0.251184424,0.0,0.473606089,0.110265699,0.226479738,0.000947091,0.031086964,0.172919881,0.306552065,0.189157558,0.153486242,0.031500316,4.327216993,0.004203988,0.018596397,0.11286627,0.010884283,0.012586699,1.753268491,0.006551708,0.0,0.479830593,0.010298736,0.100051187,0.009118504,0.023589495,0.0,0.0,0.092821195,0.102661128,0.0,0.028465057,0.141794938,0.0,2.844338433,0.435166089,0.0,0.17385117,0.116425816,0.01003197,0.016943711,0.058808878,0.029961378,0.0,0.019302577,0.051079551,0.057258688,0.298356385,0.003560201,0.041419267,0.241197707,0.010314147,0.0,0.628804665,0.044145232,0.007385105,0.007398472,0.013576617,0.0,0.242564745,0.057762063,0.05820336,2.1,1.7,1.5,1.4,1.7,0.3,3.5
0.221896804,0.463132096,0.0,1.505169901,1.953759757,0.408564964,0.128472264,0.041977826,0.034623218,0.495158943,0.039575803,27.40504807,0.0,0.031378366,0.015489317,0.0,0.109106543,0.039020695,0.011500085,0.038979078,0.23942163,0.1187892,0.030238081,0.038203722,0.30483427,0.000928975,0.339089024,0.0,0.259277644,0.002196398,0.078671006,0.159002737,0.204108508,0.388849149,0.22527214,0.020516831,3.001077104,0.005408833,0.039360489,0.139851057,0.039406966,0.008432435,1.075540382,0.0,0.0,1.729945682,0.013961442,0.086967386,0.005934039,0.025882876,0.0,0.0,0.346803357,0.106028396,0.0,0.079974715,0.244055618,0.0,25.82078915,1.888045432,0.0,0.258224796,0.730979757,0.012478265,0.37026812,0.120931642,0.050553253,0.001771614,0.036842387,0.728394714,0.067022149,3.256993499,0.003918851,0.179616917,1.634503101,0.011241732,0.0,5.009152041,0.26737332,0.081436525,0.01787092,0.011254408,0.001459123,0.542622404,0.380101814,0.156934161,2.8,3.2,1.5,1.9,2.4,0.9,5.6
0.128670868,0.971398916,0.0,0.003376612,3.314743523,0.261673068,0.056419038,0.015809272,0.047606421,0.022640319,0.028266842,39.20576023,0.0,0.012906405,0.002656015,0.0,0.321775877,0.008790309,0.001479313,0.063079413,0.296235316,0.240066755,0.134694729,0.042866235,0.293158163,0.0,0.448489058,0.005290224,0.397607842,0.002556205,0.016040377,0.164406308,0.213804463,0.396236982,0.242901809,0.022141666,2.917071627,0.005742883,0.029101916,0.153573513,0.024079345,0.005502612,1.856272021,0.0,0.0,0.438798807,0.018102853,0.076149511,0.003682341,0.027078779,0.0,0.0,0.133013721,0.171275802,0.0,0.106687466,0.257637666,0.0,6.025120438,0.636615929,0.0,0.179553832,0.202852307,0.011738779,0.069986829,0.062290896,0.068455417,0.003011106,0.023405857,0.15534767,0.105995502,0.716544109,0.00362035,0.063131062,0.576885873,0.008259396,0.0,1.735445991,0.03024642,0.022421601,0.014536831,0.011041696,0.001107581,0.404658253,0.194022894,0.141971106,2.2,2.0,1.4,1.8,1.7,0.8,4.4
